CBSA_CODE,CBSA_TITLE,YEAR,predicted_growth_2026,recommendation_label,zhvi_sfr_mid_dec,had_major_disaster_ann,damage_property_sum_ann
41940,"San Jose-Sunnyvale-Santa Clara, CA",2025,16.4724,Attractive,1756597.7099270488,0,10
27220,"Jackson, WY-ID",2025,14.2276,Attractive,1495092.6353837328,0,13000
47240,"Vineyard Haven, MA",2025,13.647,Attractive,1509991.060813987,0,0
14720,"Breckenridge, CO",2025,13.5233,Attractive,1413939.5611168572,0,0
20780,"Edwards, CO",2025,13.2164,Attractive,1450808.0297957037,0,0
41860,"San Francisco-Oakland-Fremont, CA",2025,11.8505,Attractive,1201456.4967507496,0,20
44460,"Steamboat Springs, CO",2025,11.8282,Attractive,1293737.3947906506,0,0
27980,"Kahului-Wailuku, HI",2025,11.1545,Attractive,1093334.0610764977,0,100000
25720,"Heber, UT",2025,11.0801,Attractive,1181253.1437304968,0,1000
42100,"Santa Cruz-Watsonville, CA",2025,11.0544,Attractive,1161230.5924899138,0,0
25200,"Hailey, ID",2025,10.7836,Attractive,1183166.7300670836,0,15000
28180,"Kapaa, HI",2025,10.3363,Attractive,1048249.1826242354,0,0
46520,"Urban Honolulu, HI",2025,10.1495,Attractive,1040210.5146222828,0,150000
42200,"Santa Maria-Santa Barbara, CA",2025,10.069,Attractive,1033574.3333174672,0,2000
31080,"Los Angeles-Long Beach-Anaheim, CA",2025,9.9227,Attractive,1009779.4661041956,1,3000
28580,"Key West-Key Largo, FL",2025,9.8808,Attractive,990016.251389046,0,0
41740,"San Diego-Chula Vista-Carlsbad, CA",2025,9.8141,Attractive,993224.5373596754,0,0
40090,"Rifle, CO",2025,9.5137,Attractive,932349.5030878512,0,0
42020,"San Luis Obispo-Paso Robles, CA",2025,9.2095,Attractive,915470.5120037243,0,4000
37100,"Oxnard-Thousand Oaks-Ventura, CA",2025,9.0111,Attractive,905196.0036204464,0,2000
34900,"Napa, CA",2025,8.9301,Attractive,901398.165444152,0,10
23660,"Galesburg, IL",2025,8.73,Attractive,108820.24767718551,0,0
23300,"Freeport, IL",2025,8.6154,Attractive,147913.17892500723,0,0
35580,"New Ulm, MN",2025,8.591,Attractive,230743.39623793887,0,0
38700,"Pontiac, IL",2025,8.4471,Attractive,156750.98364274114,0,0
41500,"Salinas, CA",2025,8.4456,Attractive,846224.3766335262,0,20
33020,"Mexico, MO",2025,8.4342,Attractive,177365.0603519189,0,170000
44620,"Stevens Point-Plover, WI",2025,8.3221,Attractive,297764.24884071935,0,0
28540,"Ketchikan, AK",2025,8.2365,Attractive,419591.8236458677,0,0
43380,"Sidney, OH",2025,8.1895,Attractive,232091.8610061004,0,61500
35620,"New York-Newark-Jersey City, NY-NJ",2025,8.1895,Attractive,722645.1459530685,0,486000
14460,"Boston-Cambridge-Newton, MA-NH",2025,8.0376,Attractive,748552.7077574696,0,98500
42220,"Santa Rosa-Petaluma, CA",2025,7.9976,Attractive,805696.1759414552,0,30
12700,"Barnstable Town, MA",2025,7.9623,Attractive,771186.5896942528,0,300
42660,"Seattle-Tacoma-Bellevue, WA",2025,7.8884,Attractive,777229.829070239,1,0
40300,"Rochelle, IL",2025,7.8635,Attractive,213989.40004949435,0,1000
20300,"Dumas, TX",2025,7.8594,Attractive,179465.28419357014,0,466000
45380,"Taylorville, IL",2025,7.8587,Attractive,127523.39839227172,0,0
21540,"Escanaba, MI",2025,7.8194,Attractive,187244.46867891095,0,101000
27420,"Jamestown, ND",2025,7.8069,Attractive,220820.86052531193,1,14227000
43020,"Shawano, WI",2025,7.7605,Attractive,256580.71260642723,0,0
14500,"Boulder, CO",2025,7.6738,Attractive,771530.805743223,0,0
23820,"Gardnerville Ranchos, NV-CA",2025,7.6314,Attractive,679125.7138960203,0,0
48780,"Williston, ND",2025,7.6237,Attractive,341101.1147451852,0,25000
19860,"Dickinson, ND",2025,7.6019,Attractive,313272.59684893664,0,1066000
20420,"Durango, CO",2025,7.5839,Attractive,691028.2512642463,0,0
37900,"Peoria, IL",2025,7.571,Attractive,161279.32115379898,0,8000
20940,"El Centro, CA",2025,7.5342,Attractive,369250.90362518,0,4694000
37940,"Peru, IN",2025,7.4206,Attractive,152719.49836165152,0,200000
13180,"Beaver Dam, WI",2025,7.4082,Attractive,305737.0559304974,0,7317500
19940,"Dixon, IL",2025,7.3986,Attractive,171520.23487289753,0,0
30260,"Lewisburg, PA",2025,7.3983,Attractive,275159.0117149078,0,20000
43100,"Sheboygan, WI",2025,7.3977,Attractive,309693.1142877264,0,30000
14580,"Bozeman, MT",2025,7.3654,Attractive,733335.8651542612,0,0
40420,"Rockford, IL",2025,7.351,Attractive,207085.20092436977,0,30000
49220,"Wisconsin Rapids-Marshfield, WI",2025,7.2944,Attractive,213698.14059655252,0,0
32100,"Marquette, MI",2025,7.2813,Attractive,232996.63902160907,0,48500
40980,"Saginaw, MI",2025,7.2713,Attractive,160270.50747527878,0,150000
11540,"Appleton, WI",2025,7.2491,Attractive,333122.33231825766,0,0
27500,"Janesville-Beloit, WI",2025,7.1799,Attractive,278822.8431128706,0,76000
22380,"Flagstaff, AZ",2025,7.155,Attractive,638541.568073844,0,0
39940,"Rexburg, ID",2025,7.1488,Attractive,425006.10925531265,0,15700
31940,"Marinette, WI-MI",2025,7.1447,Attractive,192169.80586060844,0,49500
16380,"Celina, OH",2025,7.1392,Attractive,260906.0212437027,0,15000
29260,"La Grande, OR",2025,7.1009,Attractive,318228.42195094464,1,0
44100,"Springfield, IL",2025,7.0659,Attractive,188758.06094886552,0,0
18220,"Connersville, IN",2025,7.0621,Attractive,155508.14731009855,0,29000
35420,"New Philadelphia-Dover, OH",2025,7.0605,Attractive,202384.30414311957,0,57000
26220,"Hood River, OR",2025,7.0484,Attractive,676824.0827740944,1,0
41760,"Sandpoint, ID",2025,7.0317,Attractive,626709.3986018443,1,20000
17660,"Coeur d'Alene, ID",2025,7.0196,Attractive,585350.9543158786,1,0
48140,"Wausau, WI",2025,7.0184,Attractive,250483.0717119101,0,0
39340,"Provo-Orem-Lehi, UT",2025,6.9939,Attractive,554289.7857377286,0,516000
19540,"Decatur, IN",2025,6.9608,Attractive,235842.54919729428,0,178000
27940,"Juneau, AK",2025,6.9494,Attractive,490880.5041582343,0,0
13380,"Bellingham, WA",2025,6.9269,Attractive,627868.0783933925,1,0
36840,"Ottawa, KS",2025,6.9184,Attractive,244659.26417566455,1,80000
24820,"Greenville, OH",2025,6.8865,Attractive,202116.9483342858,0,12250
31700,"Manchester-Nashua, NH",2025,6.8839,Attractive,534379.7353971218,0,24000
41620,"Salt Lake City-Murray, UT",2025,6.8819,Attractive,575296.8438179645,0,1038000
25700,"Hays, KS",2025,6.876,Attractive,236284.20040494876,1,0
36020,"Oak Harbor, WA",2025,6.8637,Attractive,630724.6298231363,1,0
10940,"Alma, MI",2025,6.8459,Attractive,170740.72561738765,0,0
18180,"Concord, NH",2025,6.8406,Attractive,482750.48596145894,0,4100
30620,"Lima, OH",2025,6.8185,Attractive,181352.9626976943,0,81500
36780,"Oshkosh-Neenah, WI",2025,6.8021,Attractive,287430.2061966202,0,0
28060,"Kalispell, MT",2025,6.7963,Attractive,629476.3496584863,1,0
14740,"Bremerton-Silverdale-Port Orchard, WA",2025,6.7924,Attractive,575212.505219766,0,0
34580,"Mount Vernon-Anacortes, WA",2025,6.7867,Attractive,577758.1271614552,1,0
47900,"Washington-Arlington-Alexandria, DC-VA-MD-WV",2025,6.7824,Attractive,617317.1726972847,0,6196000
32280,"Martin, TN",2025,6.7778,Attractive,180138.435467397,0,355500
26700,"Huron, SD",2025,6.7728,Attractive,184217.59020745815,0,0
11260,"Anchorage, AK",2025,6.7562,Attractive,428507.4323197214,1,0
24580,"Green Bay, WI",2025,6.7524,Attractive,326208.77940373326,0,165000
31820,"Manitowoc, WI",2025,6.7519,Attractive,248813.0917691331,0,0
30140,"Lebanon, PA",2025,6.7447,Attractive,303590.92690196267,0,86000
20220,"Dubuque, IA",2025,6.7444,Attractive,263574.3481252656,0,0
42740,"Sedalia, MO",2025,6.7394,Attractive,185767.2331543631,0,0
36260,"Ogden, UT",2025,6.7343,Attractive,515174.0979117214,0,5500
39980,"Richmond, IN",2025,6.7266,Attractive,162803.29078225826,0,27000
11020,"Altoona, PA",2025,6.7209,Attractive,164594.05791154635,0,250000
46540,"Utica-Rome, NY",2025,6.7096,Attractive,213167.87052284784,0,953000
31060,"Los Alamos, NM",2025,6.6927,Attractive,597312.6202196354,0,0
13900,"Bismarck, ND",2025,6.6825,Attractive,353606.52137656213,1,8576000
41140,"St. Joseph, MO-KS",2025,6.6788,Attractive,203071.14082988157,0,0
31740,"Manhattan, KS",2025,6.6741,Attractive,260252.00716068663,0,90250
13460,"Bend, OR",2025,6.6736,Attractive,670023.5026127662,0,0
19500,"Decatur, IL",2025,6.6593,Attractive,116847.00740750373,0,1000000
44980,"Sunbury, PA",2025,6.6571,Attractive,161128.1671143891,0,83000
33340,"Milwaukee-Waukesha, WI",2025,6.6547,Attractive,379371.1066255256,1,172125000
29980,"Lawrenceburg, TN",2025,6.6486,Attractive,238040.37587124808,0,238000
24220,"Grand Forks, ND-MN",2025,6.6443,Attractive,263493.4817416323,1,0
39300,"Providence-Warwick, RI-MA",2025,6.6442,Attractive,513338.32021427527,0,95600
26090,"Holland, MI",2025,6.6319,Attractive,331483.1595104896,0,0
32460,"Mayfield, KY",2025,6.5871,Attractive,164322.76247055575,1,117000
16580,"Champaign-Urbana, IL",2025,6.5808,Attractive,229962.10126477445,0,0
31860,"Mankato, MN",2025,6.5752,Attractive,296740.4024126012,0,840000
24500,"Great Falls, MT",2025,6.572,Attractive,328047.64864294324,0,1000
25300,"Hannibal, MO",2025,6.5712,Attractive,204814.8504389389,0,105000
15100,"Brookings, SD",2025,6.5597,Attractive,304432.7526800853,0,0
39220,"Price, UT",2025,6.5515,Attractive,267336.380337706,0,20000
25880,"Hillsdale, MI",2025,6.55,Attractive,195989.65799155264,0,56000
28620,"Kill Devil Hills, NC",2025,6.5399,Attractive,606284.0465977824,0,0
46860,"Vernal, UT",2025,6.5394,Attractive,350465.8193399333,0,0
33540,"Missoula, MT",2025,6.5263,Attractive,563087.0939151429,1,4006000
29060,"Laconia, NH",2025,6.5111,Attractive,497987.3191370711,0,35000
34700,"Muscatine, IA",2025,6.5111,Attractive,192110.1684822803,0,0
30860,"Logan, UT-ID",2025,6.5096,Attractive,459660.9755899816,0,5000
31900,"Mansfield, OH",2025,6.5028,Attractive,182980.85738485865,0,0
32740,"Meadville, PA",2025,6.4813,Attractive,163321.3661434202,0,24000
49380,"Worthington, MN",2025,6.4813,Attractive,227206.21568204756,0,0
29540,"Lancaster, PA",2025,6.469,Attractive,372809.438976216,0,210500
48020,"Watertown-Fort Atkinson, WI",2025,6.4608,Attractive,354322.58298517903,0,4000
23340,"Fremont, NE",2025,6.4553,Attractive,233669.6423423797,1,0
48580,"Whitewater-Elkhorn, WI",2025,6.4538,Attractive,400214.8923806832,0,17500
26460,"Hudson, NY",2025,6.442,Attractive,452188.3919737728,0,1000
31540,"Madison, WI",2025,6.4351,Attractive,450349.3708886511,0,169000
29020,"Kokomo, IN",2025,6.4242,Attractive,181450.51628368304,0,195000
33780,"Monroe, MI",2025,6.4217,Attractive,253545.8590508356,0,1500
28260,"Kearney, NE",2025,6.4119,Attractive,288671.1193754139,0,0
20260,"Duluth, MN-WI",2025,6.3925,Attractive,245105.65478917572,0,179000
43260,"Sheridan, WY",2025,6.3891,Attractive,431399.9631912405,0,0
37060,"Oxford, MS",2025,6.3746,Attractive,396754.2939893133,0,417500
25740,"Helena, MT",2025,6.3679,Attractive,461837.9435860696,1,12000
38180,"Pierre, SD",2025,6.3674,Attractive,286342.05785232666,0,0
34540,"Mount Vernon, OH",2025,6.3506,Attractive,272853.2349375982,0,20000
12140,"Auburn, IN",2025,6.3489,Attractive,240550.22533517735,0,56000
24340,"Grand Rapids-Wyoming-Kentwood, MI",2025,6.3414,Attractive,341863.0221507302,0,0
12100,"Atlantic City-Hammonton, NJ",2025,6.3391,Attractive,394563.7219388397,0,80000
11380,"Andrews, TX",2025,6.3366,Attractive,248701.4043959319,0,0
28300,"Keene, NH",2025,6.3284,Attractive,375732.1272665578,0,0
21500,"Erie, PA",2025,6.3161,Attractive,208284.2887912558,0,260000
33620,"Moberly, MO",2025,6.3136,Attractive,171012.7567270263,0,0
13940,"Blackfoot, ID",2025,6.3121,Attractive,369014.96971098194,0,2700
22540,"Fond du Lac, WI",2025,6.3105,Attractive,276399.4355389718,0,14500
18700,"Corvallis, OR",2025,6.3099,Attractive,551080.797381437,0,0
21140,"Elkhart-Goshen, IN",2025,6.3079,Attractive,253634.35605501584,0,378500
31500,"Madison, IN",2025,6.3044,Attractive,228486.68123786748,1,0
16260,"Cedar City, UT",2025,6.3024,Attractive,409982.03789739055,0,0
32140,"Marshall, MN",2025,6.3012,Attractive,207504.80194423845,0,0
23900,"Gettysburg, PA",2025,6.2871,Attractive,323317.19210645225,0,30000
16980,"Chicago-Naperville-Elgin, IL-IN",2025,6.2854,Attractive,354891.8057479139,0,501768000
33940,"Montrose, CO",2025,6.2844,Attractive,483227.0145548519,0,0
39900,"Reno, NV",2025,6.2837,Attractive,564637.2420112994,0,1565000
30380,"Lewistown, PA",2025,6.2391,Attractive,182532.61711444493,0,38000
16660,"Charleston-Mattoon, IL",2025,6.2198,Attractive,141543.29178174035,0,0
46020,"Truckee-Grass Valley, CA",2025,6.213,Attractive,599754.1944990786,0,0
49620,"York-Hanover, PA",2025,6.209,Attractive,301982.2285326319,0,205000
47540,"Wapakoneta, OH",2025,6.2036,Attractive,225235.7622121861,0,3000
48300,"Wenatchee-East Wenatchee, WA",2025,6.2001,Attractive,526977.060575244,1,501000
11860,"Atchison, KS",2025,6.1967,Attractive,173589.80788068904,0,0
35740,"Norfolk, NE",2025,6.1722,Attractive,243174.50028720396,0,0
22060,"Faribault-Northfield, MN",2025,6.155,Attractive,341228.410897972,0,0
49340,"Worcester, MA",2025,6.1439,Attractive,473162.7790759757,0,94800
39540,"Racine-Mount Pleasant, WI",2025,6.1401,Attractive,302716.0842232611,0,37000
18100,"Columbus, NE",2025,6.132,Attractive,268672.43659039476,1,2000
16180,"Carson City, NV",2025,6.119,Attractive,487046.5752030502,0,0
10580,"Albany-Schenectady-Troy, NY",2025,6.1184,Attractive,349590.4226583975,0,164000
27540,"Jasper, IN",2025,6.1172,Attractive,231880.5154495677,0,0
22420,"Flint, MI",2025,6.1151,Attractive,179429.1594141984,0,0
46780,"Van Wert, OH",2025,6.1092,Attractive,175242.02059728428,0,136000
38860,"Portland-South Portland, ME",2025,6.1037,Attractive,524881.7111857205,0,74000
36500,"Olympia-Lacey-Tumwater, WA",2025,6.103,Attractive,524720.27571195,1,0
49080,"Winnemucca, NV",2025,6.0988,Attractive,335242.1651916139,0,0
12380,"Austin, MN",2025,6.0983,Attractive,194701.96579400753,0,0
41100,"St. George, UT",2025,6.098,Attractive,540645.1897731093,0,157000
18740,"Coshocton, OH",2025,6.0881,Attractive,175794.44139069392,0,31000
35820,"North Platte, NE",2025,6.079,Attractive,212355.36479943225,0,515000
49660,"Youngstown-Warren, OH",2025,6.0651,Attractive,162404.7327303102,0,20000
26980,"Iowa City, IA",2025,6.0606,Attractive,326097.7488938431,0,0
40080,"Richmond-Berea, KY",2025,6.055,Attractive,256823.50109141067,1,72500
24300,"Grand Junction, CO",2025,6.05,Attractive,426244.4273609221,0,100000
42140,"Santa Fe, NM",2025,6.0466,Attractive,556698.411323612,0,25000
11740,"Ashland, OH",2025,6.0337,Attractive,231459.13584834523,0,0
23180,"Frankfort, KY",2025,6.029,Attractive,247778.1884662053,1,0
16940,"Cheyenne, WY",2025,6.0286,Attractive,380632.8769940093,0,1000000
34940,"Naples-Marco Island, FL",2025,6.0264,Attractive,672214.8584981628,0,500
22220,"Fayetteville-Springdale-Rogers, AR",2025,6.0157,Attractive,359114.24722529977,0,3318000
18660,"Cortland, NY",2025,6.0144,Attractive,190308.60647109573,0,38000
13020,"Bay City, MI",2025,6.0139,Attractive,170787.76707257328,0,0
14010,"Bloomington, IL",2025,6.013,Attractive,252393.42941551263,0,0
25500,"Harrisonburg, VA",2025,6.0061,Attractive,343206.61167553026,1,370000
46820,"Vermillion, SD",2025,5.9967,Moderate,274279.5624216234,0,0
28860,"Kirksville, MO",2025,5.9951,Moderate,181489.29764887496,0,0
38420,"Platteville, WI",2025,5.9945,Moderate,214032.9149462867,0,542000
33580,"Mitchell, SD",2025,5.9859,Moderate,250022.28232318573,0,0
49100,"Winona, MN",2025,5.9848,Moderate,272169.2500752585,0,3000
40940,"Safford, AZ",2025,5.9838,Moderate,292474.46700542426,0,300
22660,"Fort Collins-Loveland, CO",2025,5.9815,Moderate,565460.8995543651,0,0
43980,"Spencer, IA",2025,5.9779,Moderate,185631.54123574763,0,0
38820,"Port Angeles, WA",2025,5.9757,Moderate,488696.23691629834,1,0
34140,"Moscow, ID",2025,5.9724,Moderate,467849.7910743779,1,2000
30500,"Lexington Park, MD",2025,5.971,Moderate,425348.6384201555,0,392000
16500,"Centralia, WA",2025,5.9594,Moderate,420896.848596568,1,0
40140,"Riverside-San Bernardino-Ontario, CA",2025,5.9484,Moderate,588123.1121998267,0,4791100
30700,"Lincoln, NE",2025,5.9457,Moderate,293748.57160391257,1,4820000
23380,"Fremont, OH",2025,5.9454,Moderate,181615.86198350173,0,0
38900,"Portland-Vancouver-Hillsboro, OR-WA",2025,5.9447,Moderate,554234.5551963898,1,33000
37980,"Philadelphia-Camden-Wilmington, PA-NJ-DE-MD",2025,5.9358,Moderate,383115.52502678224,0,814000
30660,"Lincoln, IL",2025,5.9342,Moderate,132459.28608708063,0,0
40900,"Sacramento-Roseville-Folsom, CA",2025,5.9342,Moderate,581036.3930956527,0,20000
22780,"Fort Leonard Wood, MO",2025,5.9249,Moderate,217945.47929950609,0,305000
45060,"Syracuse, NY",2025,5.92,Moderate,244853.7582334928,0,513750
48460,"West Plains, MO",2025,5.9187,Moderate,214338.46009713016,1,6178000
41060,"St. Cloud, MN",2025,5.9185,Moderate,305287.08278690244,0,0
17410,"Cleveland, OH",2025,5.917,Moderate,244583.55905435336,0,263000
11420,"Angola, IN",2025,5.9143,Moderate,300019.0180566733,0,259000
10100,"Aberdeen, SD",2025,5.9133,Moderate,228898.43464832104,0,0
32180,"Marshall, MO",2025,5.9029,Moderate,174778.48101407525,0,0
14260,"Boise City, ID",2025,5.9029,Moderate,485647.35078631405,0,0
27620,"Jefferson City, MO",2025,5.8991,Moderate,259798.8844380592,1,125000
26780,"Hutchinson, MN",2025,5.8988,Moderate,285415.65290525765,0,0
31930,"Marietta, OH",2025,5.8983,Moderate,175104.79368043956,0,37500
24700,"Greensburg, IN",2025,5.898,Moderate,245316.3195898171,1,52000
30460,"Lexington-Fayette, KY",2025,5.8935,Moderate,318076.4955001905,1,20000
19740,"Denver-Aurora-Centennial, CO",2025,5.8923,Moderate,594282.1932211415,0,1000
12660,"Baraboo, WI",2025,5.8868,Moderate,325468.0849252465,0,25000
44580,"Sterling, IL",2025,5.8751,Moderate,138399.34171878445,0,0
33980,"Morehead City, NC",2025,5.8742,Moderate,462644.647011457,0,0
37540,"Paris, TN",2025,5.8739,Moderate,209282.3919558626,1,204000
39860,"Red Wing, MN",2025,5.8734,Moderate,316940.60092741944,0,0
44420,"Staunton-Stuarts Draft, VA",2025,5.8684,Moderate,318421.5634761372,0,129000
25420,"Harrisburg-Carlisle, PA",2025,5.8667,Moderate,301243.9893643116,0,235000
16820,"Charlottesville, VA",2025,5.8654,Moderate,470610.0238269695,0,78000
47780,"Washington, IN",2025,5.8637,Moderate,223930.8728084074,0,1122000
20820,"Effingham, IL",2025,5.8635,Moderate,211647.1943365652,0,0
33260,"Midland, TX",2025,5.8563,Moderate,322265.7353087434,0,605750
15420,"Burley, ID",2025,5.8545,Moderate,325224.6199456064,0,76500
40340,"Rochester, MN",2025,5.8523,Moderate,332257.31105379894,0,140000
15940,"Canton-Massillon, OH",2025,5.8523,Moderate,203926.27998158935,0,81500
12220,"Auburn-Opelika, AL",2025,5.8454,Moderate,342733.25545958366,0,0
25100,"Guymon, OK",2025,5.8323,Moderate,159173.3651475351,0,50000
48700,"Williamsport, PA",2025,5.829,Moderate,222980.5647909068,0,87000
13100,"Beatrice, NE",2025,5.8128,Moderate,191076.4261407665,0,0
25900,"Hilo-Kailua, HI",2025,5.8121,Moderate,560083.4726192252,0,0
11460,"Ann Arbor, MI",2025,5.8068,Moderate,417609.1077582299,0,2500
46500,"Urbana, OH",2025,5.8025,Moderate,238165.8740654239,0,13250
21740,"Evanston, WY-UT",2025,5.7854,Moderate,318875.99848812557,0,0
22020,"Fargo, ND-MN",2025,5.7808,Moderate,320075.73188142735,1,0
28740,"Kingston, NY",2025,5.7651,Moderate,423873.0768830287,0,0
25940,"Hilton Head Island-Bluffton-Port Royal, SC",2025,5.7621,Moderate,525326.132198092,0,97750
46300,"Twin Falls, ID",2025,5.7603,Moderate,372784.63201776333,0,0
14820,"Brevard, NC",2025,5.7582,Moderate,472276.30031379015,0,0
15340,"Bucyrus, OH",2025,5.756,Moderate,152025.52994054937,0,0
21980,"Fallon, NV",2025,5.755,Moderate,377385.4209917635,0,0
46700,"Vallejo, CA",2025,5.7526,Moderate,580507.5298080457,0,0
30280,"Lewisburg, TN",2025,5.7472,Moderate,319187.42399989086,0,285000
44220,"Springfield, OH",2025,5.7308,Moderate,192588.30839025532,0,239750
15380,"Buffalo-Cheektowaga, NY",2025,5.7265,Moderate,271025.71299085184,0,11000
10900,"Allentown-Bethlehem-Easton, PA-NJ",2025,5.7144,Moderate,349528.22847580357,0,30000
29660,"Laramie, WY",2025,5.7129,Moderate,364021.7629999818,0,10000
32020,"Marion, OH",2025,5.7081,Moderate,167448.20490671822,0,0
36940,"Owatonna, MN",2025,5.6932,Moderate,286312.96251853224,0,0
10300,"Adrian, MI",2025,5.6759,Moderate,228735.8626421738,0,1000
32860,"Menomonie, WI",2025,5.6599,Moderate,299177.35798827396,0,0
36220,"Odessa, TX",2025,5.6584,Moderate,246680.42273278825,0,591000
18980,"Cullman, AL",2025,5.6581,Moderate,245483.44320693545,0,380000
47420,"Wahpeton, ND-MN",2025,5.6565,Moderate,214269.93522927375,0,0
38340,"Pittsfield, MA",2025,5.6541,Moderate,371305.20447318815,0,0
30820,"Lock Haven, PA",2025,5.645,Moderate,189955.9264741485,0,608000
47460,"Walla Walla, WA",2025,5.6436,Moderate,406376.2118734966,0,0
47340,"Wabash, IN",2025,5.6376,Moderate,180304.4079868774,0,51000
29940,"Lawrence, KS",2025,5.637,Moderate,325987.9613863895,0,0
33140,"Michigan City-La Porte, IN",2025,5.6351,Moderate,242448.20331371645,0,176000
20660,"Easton, MD",2025,5.6228,Moderate,486344.118174219,0,60000
47660,"Warrensburg, MO",2025,5.6166,Moderate,273780.7754749603,0,0
17140,"Cincinnati, OH-KY-IN",2025,5.6149,Moderate,307854.5970183381,1,2089200
45940,"Trenton-Princeton, NJ",2025,5.6132,Moderate,446730.1392295885,0,0
17860,"Columbia, MO",2025,5.6121,Moderate,315763.18460576463,1,134000
39020,"Portsmouth, OH",2025,5.6076,Moderate,132473.5610517642,0,31000
33460,"Minneapolis-St. Paul-Bloomington, MN-WI",2025,5.6075,Moderate,389864.3713776227,0,0
37220,"Pahrump, NV",2025,5.592,Moderate,353171.7296018298,0,163100
10420,"Akron, OH",2025,5.5743,Moderate,228544.7893472289,0,39500
20100,"Dover, DE",2025,5.5657,Moderate,362843.25435683626,0,0
45520,"The Dalles, OR",2025,5.5594,Moderate,389817.46226875327,0,0
35940,"Norwalk, OH",2025,5.5551,Moderate,182424.7411384949,0,43000
14380,"Boone, NC",2025,5.5483,Moderate,503807.4264653662,0,15000
28100,"Kankakee, IL",2025,5.5462,Moderate,211446.67411420096,0,0
21260,"Ellensburg, WA",2025,5.5455,Moderate,488884.527147609,1,0
25260,"Hanford-Corcoran, CA",2025,5.5365,Moderate,355624.897498006,0,0
12780,"Bartlesville, OK",2025,5.526,Moderate,178973.9730686754,0,72000
15540,"Burlington-South Burlington, VT",2025,5.525,Moderate,472796.5059102286,0,107000
39660,"Rapid City, SD",2025,5.5242,Moderate,362646.768390534,1,0
41420,"Salem, OR",2025,5.5194,Moderate,447180.8303282708,1,0
48220,"Weatherford, OK",2025,5.5191,Moderate,172052.38228336492,0,110000
24260,"Grand Island, NE",2025,5.5162,Moderate,249980.66191870355,0,1000000
27340,"Jacksonville, NC",2025,5.5139,Moderate,282734.6863996193,0,0
28340,"Kendallville, IN",2025,5.5136,Moderate,238840.5680336179,0,158000
25180,"Hagerstown-Martinsburg, MD-WV",2025,5.5127,Moderate,315109.4234686996,0,1370500
22260,"Fergus Falls, MN",2025,5.5094,Moderate,312472.23713121715,0,0
11180,"Ames, IA",2025,5.5086,Moderate,280941.5112168685,0,0
40220,"Roanoke, VA",2025,5.5061,Moderate,288237.233231179,1,1058400
20740,"Eau Claire, WI",2025,5.506,Moderate,310446.42675773497,0,0
13340,"Bellefontaine, OH",2025,5.5043,Moderate,242218.6745196073,0,18250
14100,"Bloomsburg-Berwick, PA",2025,5.5018,Moderate,236461.01252052715,0,32500
36620,"Ontario, OR-ID",2025,5.4965,Moderate,359147.823055561,0,0
12580,"Baltimore-Columbia-Towson, MD",2025,5.4964,Moderate,405068.6902306888,0,3808000
40060,"Richmond, VA",2025,5.4942,Moderate,384878.9746804772,1,6003100
28140,"Kansas City, MO-KS",2025,5.4919,Moderate,317441.94870391465,1,110000
14660,"Brainerd, MN",2025,5.4907,Moderate,340091.4144555465,0,120000
46100,"Tullahoma-Manchester, TN",2025,5.49,Moderate,307755.58855841676,0,109500
21220,"Elko, NV",2025,5.4851,Moderate,355681.01936918165,0,0
44300,"State College, PA",2025,5.4843,Moderate,337922.64592595753,0,756700
49460,"Yankton, SD",2025,5.4767,Moderate,272093.79376846604,0,0
29100,"La Crosse-Onalaska, WI-MN",2025,5.4608,Moderate,316211.868501467,0,32000
11820,"Astoria, OR",2025,5.4603,Moderate,518947.3814779168,0,0
19340,"Davenport-Moline-Rock Island, IA-IL",2025,5.4602,Moderate,185100.47215580897,0,3000
39740,"Reading, PA",2025,5.4563,Moderate,303219.61276822403,0,315000
32380,"Mason City, IA",2025,5.4511,Moderate,185768.7152300681,0,90000
21780,"Evansville, IN",2025,5.4487,Moderate,215401.2760998162,1,191000
30300,"Lewiston, ID-WA",2025,5.4416,Moderate,362303.4667895111,1,0
19820,"Detroit-Warren-Dearborn, MI",2025,5.4395,Moderate,255892.04911111807,0,63500
27060,"Ithaca, NY",2025,5.4393,Moderate,338330.7939857537,0,78500
42620,"Searcy, AR",2025,5.4373,Moderate,201896.18592337007,1,0
47260,"Virginia Beach-Chesapeake-Norfolk, VA-NC",2025,5.4274,Moderate,367012.89046928886,0,336000
49020,"Winchester, VA-WV",2025,5.4268,Moderate,380819.1955961324,0,118000
43780,"South Bend-Mishawaka, IN-MI",2025,5.4252,Moderate,219745.1958541555,0,477000
43220,"Shelton, WA",2025,5.4205,Moderate,443173.1863804264,1,0
18020,"Columbus, IN",2025,5.4178,Moderate,266487.9687036511,1,2228000
36820,"Oskaloosa, IA",2025,5.408,Moderate,185426.9232370218,0,0
13260,"Bedford, IN",2025,5.4069,Moderate,199976.31121353267,1,807000
38740,"Poplar Bluff, MO",2025,5.4032,Moderate,156667.83580884108,1,16518000
28900,"Klamath Falls, OR",2025,5.394,Moderate,304791.0413559453,0,20000
16300,"Cedar Rapids, IA",2025,5.3939,Moderate,243165.94820899997,0,0
38240,"Pinehurst-Southern Pines, NC",2025,5.3881,Moderate,413613.0791397758,1,5202000
13740,"Billings, MT",2025,5.384,Moderate,400519.5686445984,1,0
25580,"Hastings, NE",2025,5.3816,Moderate,206360.4752533383,1,4350000
34980,"Nashville-Davidson--Murfreesboro--Franklin, TN",2025,5.3778,Moderate,454597.1041715435,1,4291000
31140,"Louisville/Jefferson County, KY-IN",2025,5.3754,Moderate,276703.1719450541,1,31000
39500,"Quincy, IL-MO",2025,5.3734,Moderate,176010.6207613379,0,215000
43060,"Shawnee, OK",2025,5.372,Moderate,186895.7035705753,0,200000
49420,"Yakima, WA",2025,5.371,Moderate,345622.4262497595,1,0
12020,"Athens-Clarke County, GA",2025,5.3676,Moderate,370011.9710974301,0,51000
18460,"Cornelia, GA",2025,5.3649,Moderate,313240.3918623833,0,5000
30060,"Lebanon, MO",2025,5.3638,Moderate,226746.8973266481,0,272000
26740,"Hutchinson, KS",2025,5.3632,Moderate,145663.0202790566,1,0
26820,"Idaho Falls, ID",2025,5.3556,Moderate,402336.8030210085,0,29600
21660,"Eugene-Springfield, OR",2025,5.3494,Moderate,449070.5884832721,1,37000
19580,"Defiance, OH",2025,5.3491,Moderate,176230.926345413,0,1500
33100,"Miami-Fort Lauderdale-West Palm Beach, FL",2025,5.3416,Moderate,558604.6795896825,0,215000
35440,"Newport, OR",2025,5.3368,Moderate,474954.1211420365,1,0
10820,"Alexandria, MN",2025,5.336,Moderate,331284.2707529889,0,0
47940,"Waterloo-Cedar Falls, IA",2025,5.3293,Moderate,200462.7013736988,0,155000
27600,"Jefferson, GA",2025,5.3217,Moderate,400730.0618160108,0,19000
48940,"Wilmington, OH",2025,5.3195,Moderate,241810.40200847213,0,187700
32780,"Medford, OR",2025,5.3186,Moderate,428991.8074499735,0,150000
33300,"Milledgeville, GA",2025,5.3133,Moderate,225627.37200308315,0,7000
29620,"Lansing-East Lansing, MI",2025,5.3114,Moderate,235309.56965531968,0,0
45900,"Traverse City, MI",2025,5.3057,Moderate,402458.2658463828,1,12000
34740,"Muskegon-Norton Shores, MI",2025,5.3037,Moderate,235910.6367832046,0,0
34500,"Mount Vernon, IL",2025,5.3025,Moderate,135720.57620358557,0,0
32700,"McPherson, KS",2025,5.3024,Moderate,216250.95086322873,0,0
21020,"Elizabeth City, NC",2025,5.3011,Moderate,261818.99721243713,0,10000
43940,"Spearfish, SD",2025,5.2893,Moderate,438016.9217278331,0,0
27100,"Jackson, MI",2025,5.2887,Moderate,214283.1053996397,0,0
44660,"Stillwater, OK",2025,5.2861,Moderate,233443.3081752855,1,0
47580,"Warner Robins, GA",2025,5.2841,Moderate,247652.58513273767,0,2000
16060,"Carbondale, IL",2025,5.272,Moderate,145906.5948172031,0,365100
29200,"Lafayette-West Lafayette, IN",2025,5.2683,Moderate,275175.90024060925,1,186000
10540,"Albany, OR",2025,5.2633,Moderate,403634.1325805878,1,0
33220,"Midland, MI",2025,5.2615,Moderate,225704.75096321097,0,0
40380,"Rochester, NY",2025,5.2611,Moderate,263417.99096448434,0,144500
17020,"Chico, CA",2025,5.259,Moderate,399726.8832013866,0,35000
46180,"Tupelo, MS",2025,5.2586,Moderate,178446.7402341928,1,845000
44140,"Springfield, MA",2025,5.2577,Moderate,361443.22693717823,0,33900
36830,"Othello, WA",2025,5.2567,Moderate,304805.16177400644,0,0
28020,"Kalamazoo-Portage, MI",2025,5.2567,Moderate,261136.49239153927,0,0
42420,"Scottsbluff, NE",2025,5.2547,Moderate,189253.77314690643,0,55000
23140,"Frankfort, IN",2025,5.2534,Moderate,213255.01152975028,0,65000
15820,"Campbellsville, KY",2025,5.253,Moderate,197551.94525342085,1,0
42540,"Scranton--Wilkes-Barre, PA",2025,5.2481,Moderate,219165.5051326827,0,1270000
16020,"Cape Girardeau, MO-IL",2025,5.2461,Moderate,222738.6701018723,1,3546000
28420,"Kennewick-Richland, WA",2025,5.2421,Moderate,434239.486858631,0,0
44060,"Spokane-Spokane Valley, WA",2025,5.2361,Moderate,413021.57237249584,0,26000
15580,"Butte-Silver Bow, MT",2025,5.2343,Moderate,273073.9226279334,0,0
42980,"Seymour, IN",2025,5.2231,Moderate,223614.5565723016,0,143000
37140,"Paducah, KY-IL",2025,5.22,Moderate,169445.21188590236,1,1632000
18420,"Corinth, MS",2025,5.2157,Moderate,162912.66555035813,0,975000
17740,"Coldwater, MI",2025,5.2069,Moderate,192776.01694533217,0,155000
13660,"Big Rapids, MI",2025,5.2007,Moderate,210689.92324074372,0,0
33700,"Modesto, CA",2025,5.1986,Moderate,463410.4247981722,0,20000
31020,"Longview-Kelso, WA",2025,5.1857,Moderate,413861.8851154656,1,0
45580,"Thomaston, GA",2025,5.1805,Moderate,180187.9986058021,0,34000
29340,"Lake Charles, LA",2025,5.1752,Moderate,195295.860791513,0,354000
32260,"Marshalltown, IA",2025,5.1673,Moderate,182037.99606398688,0,0
32340,"Maryville, MO",2025,5.1645,Moderate,213979.35632772557,0,0
48900,"Wilmington, NC",2025,5.1534,Moderate,439417.14121502446,0,150000
18140,"Columbus, OH",2025,5.1528,Moderate,342955.2765181069,0,832600
23420,"Fresno, CA",2025,5.1479,Moderate,409564.6393046498,0,5000
25840,"Hermiston-Pendleton, OR",2025,5.1457,Moderate,302457.25373538595,0,0
40540,"Rock Springs, WY",2025,5.1422,Moderate,287367.464166666,0,0
48820,"Willmar, MN",2025,5.1389,Moderate,273715.1126270899,0,0
24540,"Greeley, CO",2025,5.1364,Moderate,497249.6852112435,0,0
43320,"Show Low, AZ",2025,5.1338,Moderate,391671.363454534,0,0
38500,"Plymouth, IN",2025,5.1311,Moderate,244686.9251253383,1,849000
35660,"Niles, MI",2025,5.1253,Moderate,257608.5538894364,0,87000
41180,"St. Louis, MO-IL",2025,5.1245,Moderate,269170.2987885879,1,1618394000
16220,"Casper, WY",2025,5.1214,Moderate,303803.6099981871,0,0
46460,"Union City, TN",2025,5.1183,Moderate,153411.97912077687,1,7620000
35460,"Newport, TN",2025,5.1114,Moderate,234080.55037044993,0,500000
14020,"Bloomington, IN",2025,5.1034,Moderate,300316.6623085919,1,1763000
13420,"Bemidji, MN",2025,5.077,Moderate,253141.8252456352,0,15000000
16700,"Charleston-North Charleston, SC",2025,5.0751,Moderate,428876.4595438894,0,131750
10740,"Albuquerque, NM",2025,5.0719,Moderate,343657.59444931714,0,195500
26540,"Huntington, IN",2025,5.0665,Moderate,201220.4319500921,0,79000
34300,"Mountain Home, ID",2025,5.0653,Moderate,346922.58042572666,0,0
47300,"Visalia, CA",2025,5.0635,Moderate,355847.6614779912,0,0
35220,"New Castle, IN",2025,5.0506,Moderate,182193.81122871305,0,52000
27460,"Jamestown-Dunkirk, NY",2025,5.0505,Moderate,163735.22603035308,0,17500
10660,"Albert Lea, MN",2025,5.0485,Moderate,185245.85380365312,0,0
30420,"Lexington, NE",2025,5.0467,Moderate,205367.3049343649,0,0
28940,"Knoxville, TN",2025,5.0435,Moderate,355352.4967850864,0,902000
16540,"Chambersburg, PA",2025,5.0431,Moderate,280621.7608836172,0,62000
23060,"Fort Wayne, IN",2025,5.0344,Moderate,247545.3153704611,0,109000
42900,"Seneca Falls, NY",2025,5.0338,Moderate,207811.95730797108,0,49000
44700,"Stockton-Lodi, CA",2025,5.0331,Moderate,534364.5723152591,0,0
41660,"San Angelo, TX",2025,5.0253,Moderate,239399.13693366712,1,0
15660,"Calhoun, GA",2025,5.024,Moderate,272102.12214589416,0,0
34620,"Muncie, IN",2025,5.0222,Moderate,159487.96723813374,0,433000
43620,"Sioux Falls, SD-MN",2025,5.0214,Moderate,333286.46354404045,0,0
47700,"Warsaw, IN",2025,5.0137,Moderate,269496.7634367898,0,269000
41540,"Salisbury, MD",2025,5.0108,Moderate,410814.0082057814,0,39000
23240,"Fredericksburg, TX",2025,4.9978,Moderate,498350.7050965905,0,5000
31980,"Marion, IN",2025,4.9865,Moderate,143342.68049265372,0,52000
38460,"Plattsburgh, NY",2025,4.9842,Moderate,212657.72977784695,0,77000
10980,"Alpena, MI",2025,4.9825,Moderate,180105.45259783106,1,0
11500,"Anniston-Oxford, AL",2025,4.9746,Moderate,166234.98889240748,0,1000
19780,"Des Moines-West Des Moines, IA",2025,4.9735,Moderate,295024.08254375996,0,375200
43900,"Spartanburg, SC",2025,4.972,Moderate,272713.11505820864,0,15000
29780,"Las Vegas, NM",2025,4.9715,Moderate,235740.45201570095,0,51000
12980,"Battle Creek, MI",2025,4.9564,Moderate,176773.2068337756,0,0
44780,"Sturgis, MI",2025,4.952,Moderate,202762.30682956157,0,175000
36540,"Omaha, NE-IA",2025,4.9506,Moderate,298911.80290057114,1,7927000
23460,"Gadsden, AL",2025,4.9497,Moderate,177650.93636437613,0,0
11940,"Athens, TN",2025,4.9478,Moderate,247686.60162964693,0,17000
22900,"Fort Smith, AR-OK",2025,4.9393,Moderate,196596.0745187331,0,2506000
24980,"Grenada, MS",2025,4.9299,Moderate,129397.6435642888,1,78000
35100,"New Bern, NC",2025,4.9274,Moderate,253687.000253327,0,0
27020,"Iron Mountain, MI-WI",2025,4.9231,Moderate,173841.16734716107,0,0
30340,"Lewiston-Auburn, ME",2025,4.9199,Moderate,314802.6434806963,0,0
33500,"Minot, ND",2025,4.9197,Moderate,263913.2511238049,0,637000
42860,"Seneca, SC",2025,4.9123,Moderate,279001.9989737277,0,0
13980,"Blacksburg-Christiansburg-Radford, VA",2025,4.9122,Moderate,278242.64964534814,1,251500
43580,"Sioux City, IA-NE-SD",2025,4.9068,Moderate,214151.11191465883,1,0
48540,"Wheeling, WV-OH",2025,4.906,Moderate,131822.70508488154,1,2666000
18820,"Crawfordsville, IN",2025,4.899,Moderate,214046.2156795252,1,27000
19220,"Danville, KY",2025,4.8744,Moderate,207292.2084174545,1,0
30020,"Lawton, OK",2025,4.871,Moderate,149145.02831331603,0,445000
17540,"Clinton, IA",2025,4.8643,Moderate,167094.09029269085,0,0
18260,"Cookeville, TN",2025,4.8524,Moderate,283880.90637839347,0,3615000
46140,"Tulsa, OK",2025,4.8309,Moderate,246552.9424406654,1,2669000
45780,"Toledo, OH",2025,4.8306,Moderate,189459.61643208915,0,126000
43180,"Shelbyville, TN",2025,4.8271,Moderate,324580.7490369027,0,751000
17820,"Colorado Springs, CO",2025,4.8211,Moderate,460651.32947201416,0,0
26900,"Indianapolis-Carmel-Greenwood, IN",2025,4.8199,Moderate,289888.47724730097,1,8266000
49180,"Winston-Salem, NC",2025,4.8172,Moderate,276206.97784011107,0,400000
42780,"Selinsgrove, PA",2025,4.792,Moderate,224963.19285918633,0,37000
29820,"Las Vegas-Henderson-North Las Vegas, NV",2025,4.78,Moderate,448035.7733945737,0,1216000
21120,"Elk City, OK",2025,4.775,Moderate,143918.73565865355,0,25000
24020,"Glens Falls, NY",2025,4.7748,Moderate,293104.5503662567,0,0
25980,"Hinesville, GA",2025,4.7706,Moderate,255612.58562951148,0,0
34180,"Moses Lake, WA",2025,4.77,Moderate,356307.0164965073,0,0
24860,"Greenville-Anderson-Greer, SC",2025,4.7697,Moderate,305079.3723330432,0,27000
40620,"Rolla, MO",2025,4.7614,Moderate,220274.5257514268,1,2528000
34100,"Morristown, TN",2025,4.7521,Moderate,287439.94714307395,0,7000
13780,"Binghamton, NY",2025,4.7503,Moderate,184625.29468550612,0,25320000
26340,"Houghton, MI",2025,4.7487,Moderate,177416.95437720817,0,5726000
40700,"Roseburg, OR",2025,4.7405,Moderate,337298.3229816636,1,0
45660,"Tiffin, OH",2025,4.7404,Moderate,163683.94746979148,0,0
24100,"Gloversville, NY",2025,4.7399,Moderate,202424.0431688916,0,0
20500,"Durham-Chapel Hill, NC",2025,4.7396,Moderate,410410.7635408068,1,33439000
37580,"Paris, TX",2025,4.7376,Moderate,195272.8135760833,0,1793000
44260,"Starkville, MS",2025,4.7311,Moderate,242067.2708228843,0,2967200
12860,"Batavia, NY",2025,4.7215,Moderate,209690.5279989044,0,4000
22140,"Farmington, NM",2025,4.7158,Moderate,258540.94564717903,0,10000
47980,"Watertown, SD",2025,4.7143,Moderate,321588.9503077631,0,100000
31340,"Lynchburg, VA",2025,4.7112,Moderate,279206.7673304566,1,141000
40860,"Rutland, VT",2025,4.7086,Moderate,293144.4037056822,0,0
49740,"Yuma, AZ",2025,4.7054,Moderate,282775.3586819674,0,103000
44340,"Statesboro, GA",2025,4.7035,Moderate,282679.9458576276,0,15000
44020,"Spirit Lake, IA",2025,4.6981,Moderate,362434.9854856561,0,0
45140,"Tahlequah, OK",2025,4.6971,Moderate,198928.72115296056,0,245000
21060,"Elizabethtown, KY",2025,4.6957,Moderate,247072.8182935961,1,21000
35900,"North Wilkesboro, NC",2025,4.6902,Moderate,215845.11069176413,0,214000
22300,"Findlay, OH",2025,4.6899,Moderate,226149.8341922029,0,1204500
44540,"Sterling, CO",2025,4.6882,Moderate,248153.13021013976,0,0
12620,"Bangor, ME",2025,4.6829,Moderate,265092.5437684501,0,0
42380,"Sayre, PA",2025,4.6812,Moderate,191841.7759877841,0,78500
47220,"Vineland, NJ",2025,4.6767,Moderate,269088.29515447986,0,2000
29700,"Laredo, TX",2025,4.6693,Moderate,213129.1472853676,0,0
19060,"Cumberland, MD-WV",2025,4.6533,Moderate,159195.85528673095,0,621000
16740,"Charlotte-Concord-Gastonia, NC-SC",2025,4.6466,Moderate,386265.1557405467,0,1699000
49700,"Yuba City, CA",2025,4.6326,Moderate,426132.8965594137,0,0
30580,"Liberal, KS",2025,4.6323,Moderate,142139.59234604906,0,0
12540,"Bakersfield-Delano, CA",2025,4.6298,Moderate,360402.0078546962,0,0
38540,"Pocatello, ID",2025,4.6246,Moderate,342374.29076318844,0,68500
20580,"Eagle Pass, TX",2025,4.6187,Moderate,223570.44392844013,0,10000
24780,"Greenville, NC",2025,4.6168,Moderate,254398.43394890695,0,0
21420,"Enid, OK",2025,4.6125,Moderate,135967.48304798894,0,152000
33860,"Montgomery, AL",2025,4.6124,Moderate,206120.97923848144,0,0
46660,"Valdosta, GA",2025,4.611,Moderate,218014.23887616364,0,15100
24620,"Greeneville, TN",2025,4.587,Moderate,240286.1360883354,0,10000
46380,"Ukiah, CA",2025,4.5752,Moderate,494029.2840575596,0,11600
12740,"Barre, VT",2025,4.5745,Moderate,381775.88627669687,0,27000
43420,"Sierra Vista-Douglas, AZ",2025,4.5724,Moderate,259271.89957401625,0,97500
27140,"Jackson, MS",2025,4.5521,Moderate,205457.04579318495,0,1763500
44180,"Springfield, MO",2025,4.5434,Moderate,262648.12774965446,1,14317000
14540,"Bowling Green, KY",2025,4.5411,Moderate,260718.4852333803,1,20000
14780,"Brenham, TX",2025,4.5319,Moderate,360858.47790445393,0,0
23980,"Glasgow, KY",2025,4.5291,Moderate,202310.25699702615,1,0
29420,"Lake Havasu City-Kingman, AZ",2025,4.5244,Moderate,350405.6030665803,0,1848000
41780,"Sandusky, OH",2025,4.5137,Moderate,219409.19563838327,0,134000
24420,"Grants Pass, OR",2025,4.5137,Moderate,383515.375938298,1,0
30780,"Little Rock-North Little Rock-Conway, AR",2025,4.4968,Moderate,224610.34056695728,1,11000
17780,"College Station-Bryan, TX",2025,4.4966,Moderate,307458.3430096448,0,70000
34460,"Mount Sterling, KY",2025,4.4942,Moderate,188301.61494803397,1,6750
11900,"Athens, OH",2025,4.4907,Moderate,178403.68618480352,0,46000
17060,"Chillicothe, OH",2025,4.4781,Moderate,192447.09424815033,0,120000
17980,"Columbus, GA-AL",2025,4.4769,Moderate,202651.91558202673,0,39000
19140,"Dalton, GA",2025,4.4765,Moderate,244957.77104426632,0,48000
36980,"Owensboro, KY",2025,4.4735,Moderate,203780.5289071511,1,2575000
48260,"Weirton-Steubenville, WV-OH",2025,4.4719,Moderate,123522.0429425988,0,67500
39580,"Raleigh-Cary, NC",2025,4.4708,Moderate,436867.2855007891,0,361000
38060,"Phoenix-Mesa-Chandler, AZ",2025,4.467,Moderate,454853.3814152247,0,5054100
26620,"Huntsville, AL",2025,4.4633,Moderate,311533.94477289653,0,1439500
17420,"Cleveland, TN",2025,4.4481,Moderate,301148.5912381056,0,50000
19300,"Daphne-Fairhope-Foley, AL",2025,4.4403,Moderate,344959.56269853486,0,0
32900,"Merced, CA",2025,4.4285,Moderate,413508.3630088496,0,0
10620,"Albemarle, NC",2025,4.4273,Moderate,296574.45122124354,0,41000
47920,"Washington Court House, OH",2025,4.4235,Moderate,230725.76547669285,0,376500
15060,"Brookings, OR",2025,4.4184,Moderate,447611.2127080767,1,0
26500,"Huntingdon, PA",2025,4.4123,Moderate,183750.4405513952,0,159500
15500,"Burlington, NC",2025,4.4105,Moderate,289967.20021267695,1,123000
23780,"Garden City, KS",2025,4.4052,Moderate,227074.03553411356,0,0
47820,"Washington, NC",2025,4.3966,Moderate,227800.6107762861,0,0
41820,"Sanford, NC",2025,4.395,Moderate,286273.7670392056,0,2102000
34380,"Mount Pleasant, MI",2025,4.3925,Moderate,211511.79140348348,0,0
15700,"Cambridge, MD",2025,4.3862,Moderate,266560.92800780415,0,71000
13060,"Bay City, TX",2025,4.3848,Moderate,198785.5258176057,0,10000
10180,"Abilene, TX",2025,4.3831,Moderate,200713.90992546073,0,0
12180,"Auburn, NY",2025,4.3785,Moderate,217043.38739047668,0,131000
15620,"Cadillac, MI",2025,4.3626,Moderate,215162.9997295742,0,0
39780,"Red Bluff, CA",2025,4.3594,Moderate,309504.16615230165,0,0
40180,"Riverton, WY",2025,4.3575,Moderate,309862.48573105095,0,20000
41460,"Salina, KS",2025,4.3573,Moderate,171000.68218889635,1,4790000
48680,"Wildwood-The Villages, FL",2025,4.3475,Moderate,388183.55920338974,0,35000
20020,"Dothan, AL",2025,4.3463,Moderate,187918.9526224943,0,659000
27860,"Jonesboro, AR",2025,4.3403,Moderate,196635.3550321659,1,5283000
25620,"Hattiesburg, MS",2025,4.34,Moderate,209892.46054742773,0,3129700
39060,"Pottsville, PA",2025,4.3287,Moderate,154164.64935805873,0,62000
22500,"Florence, SC",2025,4.3215,Moderate,185374.24900582517,0,12000
26580,"Huntington-Ashland, WV-KY-OH",2025,4.3205,Moderate,156895.05306127702,1,149050
20700,"East Stroudsburg, PA",2025,4.2887,Moderate,302917.47472344554,0,0
40660,"Rome, GA",2025,4.2849,Moderate,227566.58027333225,0,10000
24660,"Greensboro-High Point, NC",2025,4.2822,Moderate,263559.78475619946,0,346000
27900,"Joplin, MO-KS",2025,4.2785,Moderate,218875.80129309077,1,1829500
45820,"Topeka, KS",2025,4.2694,Moderate,209649.0275116306,1,0
23700,"Gallup, NM",2025,4.2635,Moderate,217063.1742690336,0,10000
23580,"Gainesville, GA",2025,4.2616,Moderate,387283.1638434631,0,66000
45460,"Terre Haute, IN",2025,4.2479,Moderate,158643.31662694336,1,627000
39820,"Redding, CA",2025,4.2471,Moderate,367741.8847768759,0,7000000
25860,"Hickory-Lenoir-Morganton, NC",2025,4.241,Moderate,260403.14456606525,0,115000
28700,"Kingsport-Bristol, TN-VA",2025,4.2339,Moderate,238543.8251206075,1,40000
21380,"Emporia, KS",2025,4.2273,Moderate,181572.59538773785,1,20000
12300,"Augusta-Waterville, ME",2025,4.2229,Moderate,303540.3924271756,0,0
44500,"Stephenville, TX",2025,4.2209,Moderate,329568.1287969208,0,1130000
17900,"Columbia, SC",2025,4.2185,Moderate,250687.9071847078,0,593000
45620,"Thomasville, GA",2025,4.2108,Moderate,217288.90255154777,0,502000
47180,"Vincennes, IN",2025,4.2088,Moderate,148556.0301551834,0,337000
19980,"Dodge City, KS",2025,4.2015,Moderate,205840.61810778023,0,7501000
34260,"Mountain Home, AR",2025,4.1984,Moderate,228462.87397740813,0,0
38300,"Pittsburgh, PA",2025,4.1926,Moderate,218909.466215838,0,2077300
26860,"Indiana, PA",2025,4.1798,Moderate,151864.4369404151,0,306000
12260,"Augusta-Richmond County, GA-SC",2025,4.1769,Moderate,241471.5661678633,0,0
36420,"Oklahoma City, OK",2025,4.1753,Moderate,241236.74354687167,1,1836000
11100,"Amarillo, TX",2025,4.1739,Moderate,210688.2238781818,0,2194900
36380,"Okeechobee, FL",2025,4.1711,Moderate,289332.8145013459,0,0
35380,"New Orleans-Metairie, LA",2025,4.1657,Moderate,255431.1980354689,0,1143500
45340,"Taos, NM",2025,4.1608,Moderate,434214.2887552386,0,50000
22100,"Farmington, MO",2025,4.1583,Moderate,184021.09906296144,0,115000
13820,"Birmingham, AL",2025,4.1577,Moderate,255801.48080256945,0,500
37740,"Payson, AZ",2025,4.145,Moderate,380629.1397171824,0,28247000
43740,"Somerset, PA",2025,4.1419,Moderate,160149.70577218384,0,266000
20460,"Durant, OK",2025,4.127,Moderate,226191.65046293195,0,200000
34060,"Morgantown, WV",2025,4.1085,Moderate,213832.53372284933,0,341000
31220,"Ludington, MI",2025,4.0956,Moderate,244540.53067029544,0,0
16860,"Chattanooga, TN-GA",2025,4.0935,Moderate,313874.9632797404,0,2662000
18900,"Crossville, TN",2025,4.0722,Moderate,302800.4214884021,0,250000
26660,"Huntsville, TX",2025,4.07,Moderate,268469.63392558723,0,0
36460,"Olean, NY",2025,4.0561,Moderate,152718.57666446967,0,19000
11700,"Asheville, NC",2025,4.0555,Moderate,423879.03851148946,0,0
18860,"Crescent City, CA",2025,4.0545,Moderate,357099.7602578478,0,400
21340,"El Paso, TX",2025,4.035,Moderate,226645.68713804233,0,20000
34220,"Moultrie, GA",2025,4.024,Moderate,160016.78547052128,0,37000
18880,"Crestview-Fort Walton Beach-Destin, FL",2025,4.0214,Moderate,401674.60435407114,0,17000
27740,"Johnson City, TN",2025,4.0205,Moderate,273432.33165975503,0,0
18340,"Corbin, KY",2025,4.0179,Moderate,154963.31365110027,1,105800
34820,"Myrtle Beach-Conway-North Myrtle Beach, SC",2025,4.0132,Moderate,357146.3306974929,0,16000
17300,"Clarksville, TN-KY",2025,3.9774,Moderate,289630.3023508307,1,4413200
15460,"Burlington, IA-IL",2025,3.9695,Moderate,135922.1614861493,0,0
32390,"Massena-Ogdensburg, NY",2025,3.9638,Moderate,132070.57931799337,0,24000
22820,"Fort Morgan, CO",2025,3.954,Moderate,321933.0489119904,0,0
47080,"Vidalia, GA",2025,3.9455,Moderate,165155.71376059242,0,16000
22180,"Fayetteville, NC",2025,3.9444,Moderate,253158.921567872,0,61000
38620,"Ponca City, OK",2025,3.9344,Moderate,108476.94351013332,0,65000
48620,"Wichita, KS",2025,3.9248,Moderate,214559.45635561715,1,2000000
13140,"Beaumont-Port Arthur, TX",2025,3.9239,Moderate,176502.2325721155,0,107000
19460,"Decatur, AL",2025,3.9055,Moderate,225173.1595554347,0,479500
27700,"Jesup, GA",2025,3.9039,Moderate,200575.8158607008,0,400
10220,"Ada, OK",2025,3.9003,Moderate,179322.8524230524,0,11615000
12060,"Atlanta-Sandy Springs-Roswell, GA",2025,3.8836,Moderate,383754.9035825399,0,1319000
14700,"Branson, MO",2025,3.8656,Moderate,269848.30105478346,0,20000
34860,"Nacogdoches, TX",2025,3.829,Moderate,208578.09959965933,0,0
33420,"Mineral Wells, TX",2025,3.8205,Moderate,267482.26059017424,0,854000
23620,"Gainesville, TX",2025,3.8171,Moderate,310469.0124448599,0,282000
32660,"McMinnville, TN",2025,3.8164,Moderate,250291.872313192,0,60000
38100,"Picayune, MS",2025,3.8156,Moderate,194426.4680548775,0,110000
24460,"Great Bend, KS",2025,3.8071,Moderate,115659.35188813457,1,0
35700,"Nogales, AZ",2025,3.788,Moderate,275097.4240790466,0,6500
30900,"Logansport, IN",2025,3.7819,Moderate,163032.36550803442,0,251500
28820,"Kinston, NC",2025,3.7607,Moderate,146989.7800832496,0,0
44740,"Storm Lake, IA",2025,3.7557,Moderate,179732.82723014348,0,0
29380,"Lake City, FL",2025,3.7417,Moderate,263628.7245122155,0,0
18300,"Coos Bay-North Bend, OR",2025,3.7411,Moderate,342137.4793478283,1,0
42340,"Savannah, GA",2025,3.7356,Moderate,346704.3071904148,0,71250
29740,"Las Cruces, NM",2025,3.7315,Moderate,285494.82933857595,1,250000
27300,"Jacksonville, IL",2025,3.7294,Moderate,122202.23806549578,0,0
12940,"Baton Rouge, LA",2025,3.7284,Moderate,244099.52060198516,0,2253000
37620,"Parkersburg-Vienna, WV",2025,3.7013,Moderate,163295.15504973175,0,64750
49260,"Woodward, OK",2025,3.688,Moderate,125204.14922488893,0,25000
15260,"Brunswick-St. Simons, GA",2025,3.6762,Moderate,307285.6666193866,0,2000
49780,"Zanesville, OH",2025,3.6724,Moderate,199590.2399285933,0,70000
45220,"Tallahassee, FL",2025,3.6568,Moderate,283345.4775425102,0,173000
28500,"Kerrville, TX",2025,3.6457,Moderate,366586.32829003566,1,200050000
28780,"Kingsville, TX",2025,3.634,Moderate,147457.8165077333,0,0
18060,"Columbus, MS",2025,3.6321,Moderate,175659.7863061767,0,732000
31260,"Lufkin, TX",2025,3.6263,Moderate,193525.94609270096,0,0
15740,"Cambridge, OH",2025,3.6241,Moderate,156494.0880406842,0,24000
48980,"Wilson, NC",2025,3.6217,Moderate,217868.34202477583,0,63000
37860,"Pensacola-Ferry Pass-Brent, FL",2025,3.6004,Moderate,296781.51185260847,0,10000
46340,"Tyler, TX",2025,3.5891,Moderate,266133.9631145501,0,150000
32820,"Memphis, TN-MS-AR",2025,3.5869,Moderate,239345.6711856527,1,11784000
32540,"McAlester, OK",2025,3.5847,Moderate,140733.55335781348,0,925000
21700,"Eureka-Arcata, CA",2025,3.5838,Moderate,427048.13956579746,0,46500
26020,"Hobbs, NM",2025,3.5823,Moderate,190954.1025743828,0,171000
30980,"Longview, TX",2025,3.5757,Moderate,209129.34733146505,0,290000
15180,"Brownsville-Harlingen, TX",2025,3.5664,Moderate,195182.82191916427,1,105025000
36740,"Orlando-Kissimmee-Sanford, FL",2025,3.5614,Moderate,400172.9942082492,0,7258000
40460,"Rockingham, NC",2025,3.5592,Moderate,127751.1817111917,0,12000
43760,"Sonora, CA",2025,3.5549,Moderate,386015.62909105234,0,0
48060,"Watertown-Fort Drum, NY",2025,3.5485,Moderate,212574.96699797804,0,46000
13540,"Bennington, VT",2025,3.5416,Moderate,353742.75359419826,0,0
10460,"Alamogordo, NM",2025,3.5413,Moderate,227226.7986483757,1,5000
27260,"Jacksonville, FL",2025,3.5369,Moderate,354635.2494327889,0,73300
40780,"Russellville, AR",2025,3.5128,Moderate,191025.62497052332,0,0
37460,"Panama City-Panama City Beach, FL",2025,3.5109,Moderate,319602.4683232072,0,644000
40820,"Ruston, LA",2025,3.4879,Moderate,215204.31184168425,0,0
26420,"Houston-Pasadena-The Woodlands, TX",2025,3.4815,Moderate,308618.6574790944,0,115000
25060,"Gulfport-Biloxi, MS",2025,3.4814,Moderate,216134.558761307,0,307200
10140,"Aberdeen, WA",2025,3.4762,Moderate,319877.3148146412,1,0
46060,"Tucson, AZ",2025,3.4731,Moderate,349419.20372486097,0,441500
19760,"DeRidder, LA",2025,3.4724,Moderate,188823.6780561238,0,28000
39380,"Pueblo, CO",2025,3.4618,Moderate,285111.053443586,0,0
22520,"Florence-Muscle Shoals, AL",2025,3.4552,Moderate,205956.35875206703,0,9126200
21820,"Fairbanks-College, AK",2025,3.4474,Moderate,299695.8188791057,0,0
45000,"Susanville, CA",2025,3.4396,Moderate,225529.12327929345,0,15000
34340,"Mount Airy, NC",2025,3.4361,Moderate,221930.57863112548,0,30500
21900,"Fairmont, WV",2025,3.4345,Moderate,157207.84674752603,1,1368000
21300,"Elmira, NY",2025,3.4318,Moderate,148009.12575380513,0,92500
14180,"Blytheville, AR",2025,3.4306,Moderate,107507.17653856736,1,249000
39420,"Pullman, WA",2025,3.4183,Moderate,316481.87868862,0,19500
23940,"Gillette, WY",2025,3.4144,Moderate,324998.80880334234,0,0
26300,"Hot Springs, AR",2025,3.4121,Moderate,237554.84234890543,1,0
31180,"Lubbock, TX",2025,3.4091,Moderate,206359.26676018388,0,0
38940,"Port St. Lucie, FL",2025,3.3863,Moderate,394872.8193745448,0,10000
47620,"Warren, PA",2025,3.3707,Moderate,126891.72564739622,0,47500
25220,"Hammond, LA",2025,3.3599,Moderate,216285.7524639657,0,681500
12420,"Austin-Round Rock-San Marcos, TX",2025,3.3539,Moderate,434903.01161044865,1,30060000
10700,"Albertville, AL",2025,3.3444,Moderate,236058.59135018857,0,8159500
39700,"Raymondville, TX",2025,3.3396,Moderate,130817.91342212174,1,20000
27180,"Jackson, TN",2025,3.331,Moderate,197468.4111704344,1,790000
19100,"Dallas-Fort Worth-Arlington, TX",2025,3.3056,Moderate,365752.990557347,0,23310000
22580,"Forest City, NC",2025,3.2891,Moderate,208110.3888453173,0,0
45740,"Toccoa, GA",2025,3.2856,Moderate,231921.9493273863,0,0
45180,"Talladega-Sylacauga, AL",2025,3.2845,Moderate,173734.63530940478,0,1000
42940,"Sevierville, TN",2025,3.2783,Moderate,400676.38858009706,0,0
19180,"Danville, IL",2025,3.269,Moderate,93933.708357486,0,0
29180,"Lafayette, LA",2025,3.2629,Moderate,193246.0617208214,0,910000
29300,"LaGrange, GA-AL",2025,3.2591,Moderate,195693.0889325688,0,150000
16460,"Centralia, IL",2025,3.2405,Moderate,117551.68247100111,0,290000
31420,"Macon-Bibb County, GA",2025,3.2296,Moderate,189964.9100954601,0,57000
21180,"Elkins, WV",2025,3.2241,Moderate,152190.97034936806,0,9150
23540,"Gainesville, FL",2025,3.219,Moderate,310870.4612878142,0,5400
47380,"Waco, TX",2025,3.199,Moderate,249199.40225015007,0,285000
37500,"Paragould, AR",2025,3.1919,Moderate,184924.8232579669,1,2015000
12900,"Batesville, AR",2025,3.1785,Moderate,155268.20265093213,1,0
11620,"Ardmore, OK",2025,3.1127,Moderate,176771.61543729482,0,720000
28660,"Killeen-Temple, TX",2025,3.0929,Moderate,249567.529806442,1,367000
18620,"Corsicana, TX",2025,3.092,Moderate,218717.1936627604,0,40000
37340,"Palm Bay-Melbourne-Titusville, FL",2025,3.0721,Moderate,346843.33380151185,0,10695000
22800,"Fort Madison, IA",2025,3.0132,Moderate,118629.57657230028,0,0
11660,"Arkadelphia, AR",2025,3.0113,Moderate,156335.0017653183,1,0
43660,"Snyder, TX",2025,3.0063,Moderate,135430.0946665071,0,1165000
41400,"Salem, OH",2025,2.9662,Moderate,150116.36106892457,0,23000
37120,"Ozark, AL",2025,2.9447,Moderate,155439.13797793197,0,48000
46220,"Tuscaloosa, AL",2025,2.932,Moderate,216272.16089704484,0,0
11980,"Athens, TX",2025,2.9229,Moderate,261634.86224241613,0,183000
42680,"Sebastian-Vero Beach-West Vero Corridor, FL",2025,2.9212,Moderate,372278.5597156901,0,0
25820,"Hereford, TX",2025,2.9125,Moderate,171535.85196523997,0,124000
17220,"Clarksburg, WV",2025,2.8758,Moderate,147985.51935691517,0,68150
42460,"Scottsboro, AL",2025,2.8626,Moderate,183082.2046473172,0,783500
41700,"San Antonio-New Braunfels, TX",2025,2.8532,Moderate,277607.8002210537,1,30719000
45300,"Tampa-St. Petersburg-Clearwater, FL",2025,2.8394,Moderate,369996.54762428015,0,476000
20180,"DuBois, PA",2025,2.8254,Moderate,133615.57668714446,0,178000
44900,"Summerville, GA",2025,2.8252,Moderate,168168.77635305148,0,63000
44940,"Sumter, SC",2025,2.8231,Moderate,201607.37433403483,0,30000
42300,"Sault Ste. Marie, MI",2025,2.8052,Moderate,184407.23514367815,0,5000
32580,"McAllen-Edinburg-Mission, TX",2025,2.7931,Moderate,189252.0107969901,1,53128500
16620,"Charleston, WV",2025,2.7699,Moderate,141913.0358977053,1,81700
45700,"Tifton, GA",2025,2.7667,Moderate,200504.68195682272,0,103000
17500,"Clewiston, FL",2025,2.7658,Moderate,275971.5094865643,0,17000
32000,"Marion, NC",2025,2.7466,Moderate,252032.3278735646,0,350000
19700,"Deming, NM",2025,2.7233,Moderate,156147.1232267144,0,0
16340,"Cedartown, GA",2025,2.7233,Moderate,212237.11079073927,0,26000
47020,"Victoria, TX",2025,2.7083,Moderate,213359.5544197074,0,0
43460,"Sikeston, MO",2025,2.7065,Moderate,155242.3758637228,1,16197000
20900,"El Campo, TX",2025,2.7061,Moderate,237402.1689161661,0,200000
17340,"Clearlake, CA",2025,2.6929,Moderate,303456.6231488119,0,45000
18500,"Corning, NY",2025,2.6928,Moderate,160425.35726197937,0,223600
35140,"Newberry, SC",2025,2.6805,Moderate,201742.23167655207,0,20000
21460,"Enterprise, AL",2025,2.671,Moderate,176022.64309340576,0,311000
48660,"Wichita Falls, TX",2025,2.6644,Moderate,168852.3769835191,0,1100000
31580,"Madisonville, KY",2025,2.6634,Moderate,151557.9677333734,1,273000
36900,"Ottumwa, IA",2025,2.6556,Moderate,122926.78519235952,0,15000
37260,"Palatka, FL",2025,2.6504,Moderate,208235.67394030452,0,1100
40580,"Rocky Mount, NC",2025,2.5969,Moderate,193412.89807240944,0,303000
36580,"Oneonta, NY",2025,2.5857,Moderate,199213.44612267485,0,113500
18580,"Corpus Christi, TX",2025,2.5609,Moderate,215508.8949149519,0,6048000
11220,"Amsterdam, NY",2025,2.5396,Moderate,197101.24827250457,0,1000
33660,"Mobile, AL",2025,2.5347,Moderate,190263.69040051976,0,0
29900,"Laurinburg, NC",2025,2.5288,Moderate,139079.4694814392,0,45000
25460,"Harrison, AR",2025,2.5146,Moderate,221122.42240544385,1,0
19660,"Deltona-Daytona Beach-Ormond Beach, FL",2025,2.5122,Moderate,326809.4233112762,0,454000
43300,"Sherman-Denison, TX",2025,2.4998,Moderate,287306.3984295089,0,1033000
42700,"Sebring, FL",2025,2.4891,Moderate,235645.24113586647,0,25000
36100,"Ocala, FL",2025,2.4889,Moderate,275056.7685580998,0,39200
44860,"Sulphur Springs, TX",2025,2.4856,Moderate,255414.77713449407,0,520000
16100,"Carlsbad-Artesia, NM",2025,2.4532,Moderate,233880.5744239006,0,65000
29460,"Lakeland-Winter Haven, FL",2025,2.4378,Moderate,300685.725457113,0,0
35840,"North Port-Bradenton-Sarasota, FL",2025,2.4367,Moderate,420560.60992017505,0,20000
14220,"Bogalusa, LA",2025,2.4093,Moderate,124225.18525709392,0,33000
19260,"Danville, VA",2025,2.3824,Moderate,159138.25286629572,1,92500
40260,"Roanoke Rapids, NC",2025,2.3518,Moderate,100327.8092752568,0,102000
10500,"Albany, GA",2025,2.2876,Moderate,161897.6411436651,0,70000
43340,"Shreveport-Bossier City, LA",2025,2.2763,Moderate,172805.90029353564,0,1290000
24140,"Goldsboro, NC",2025,2.2307,Moderate,179803.4559297948,0,180000
35060,"Natchitoches, LA",2025,2.1989,Moderate,168071.90602796627,0,0
48180,"Waycross, GA",2025,2.1856,Moderate,161669.12760244578,0,0
26140,"Homosassa Springs, FL",2025,2.1134,Moderate,271197.6552528489,0,10000
15020,"Brookhaven, MS",2025,2.0961,Moderate,161407.45184026728,0,82500
11140,"Americus, GA",2025,2.0751,Moderate,132905.53323196236,0,6000
25780,"Henderson, NC",2025,2.0339,Moderate,180161.5277572405,0,63000
46620,"Uvalde, TX",2025,1.9789,Neutral,190962.3854846288,1,62000
19620,"Del Rio, TX",2025,1.9767,Neutral,206871.1938561769,0,25000
34420,"Mount Pleasant, TX",2025,1.9259,Neutral,215698.6529634289,0,1025000
38260,"Pittsburg, KS",2025,1.9165,Neutral,131129.3002952109,0,326000
11580,"Arcadia, FL",2025,1.893,Neutral,255957.30437978683,0,5000
10780,"Alexandria, LA",2025,1.8592,Neutral,159430.34696771094,0,662000
36340,"Oil City, PA",2025,1.8416,Neutral,122056.5503385354,0,116700
36700,"Orangeburg, SC",2025,1.8132,Neutral,150280.5389756277,0,0
14420,"Borger, TX",2025,1.7821,Neutral,114841.59572135628,0,40700
14620,"Bradford, PA",2025,1.7806,Neutral,104310.97636938392,0,4000
15220,"Brownwood, TX",2025,1.7651,Neutral,176309.42985195585,0,0
34780,"Muskogee, OK",2025,1.744,Neutral,151741.936328077,0,100000
20340,"Duncan, OK",2025,1.732,Neutral,136107.37584891854,0,255000
24940,"Greenwood, SC",2025,1.7103,Neutral,169007.19142759882,0,7000
20980,"El Dorado, AR",2025,1.707,Neutral,125299.64517141216,0,0
43700,"Somerset, KY",2025,1.7044,Neutral,166834.92826090593,1,1000
31680,"Malvern, AR",2025,1.6399,Neutral,157922.33567251393,1,0
40740,"Roswell, NM",2025,1.6108,Neutral,168274.34370070757,0,55000
45500,"Texarkana, TX-AR",2025,1.5944,Neutral,174928.93918881883,1,550000
13700,"Big Spring, TX",2025,1.5303,Neutral,137364.3721662954,0,1083500
33740,"Monroe, LA",2025,1.5136,Neutral,157725.79989014304,0,224000
31380,"Macomb, IL",2025,1.4924,Neutral,95566.17509602652,0,32000
31300,"Lumberton, NC",2025,1.4577,Neutral,127994.2924366424,0,0
37420,"Pampa, TX",2025,1.4562,Neutral,100519.30849719528,0,113800
38920,"Port Lavaca, TX",2025,1.4352,Neutral,194773.78373775235,0,0
20140,"Dublin, GA",2025,1.3294,Neutral,163484.08094106684,0,13000
43140,"Shelby-Kings Mountain, NC",2025,1.2876,Neutral,208024.71449320557,0,24000
24900,"Greenwood, MS",2025,1.0943,Neutral,102585.00822590722,1,578000
15980,"Cape Coral-Fort Myers, FL",2025,1.0889,Neutral,355943.67075880244,0,0
12460,"Bainbridge, GA",2025,1.0261,Neutral,169925.05605596132,0,13000
38220,"Pine Bluff, AR",2025,0.9814,Neutral,94869.29349749174,0,0
20540,"Dyersburg, TN",2025,0.9766,Neutral,165154.61357065054,1,3947000
14140,"Bluefield, WV-VA",2025,0.9631,Neutral,137538.45207879963,1,2128500
26380,"Houma-Bayou Cane-Thibodaux, LA",2025,0.8817,Neutral,174945.48286045544,0,0
32300,"Martinsville, VA",2025,0.7614,Neutral,132151.2774634499,0,286500
40100,"Rio Grande City-Roma, TX",2025,0.7605,Neutral,135483.78141127602,1,0
32620,"McComb, MS",2025,0.7482,Neutral,100879.13767622953,1,10003000
17580,"Clovis, NM",2025,0.7481,Neutral,158574.0470499722,0,105000
46980,"Vicksburg, MS",2025,0.7125,Neutral,140269.8461824036,0,36000
28380,"Kennett, MO",2025,0.6898,Neutral,85599.96629687453,1,421000
27380,"Jacksonville, TX",2025,0.5721,Neutral,226087.90184475863,0,200000
38380,"Plainview, TX",2025,0.5256,Neutral,114931.98277182724,0,0
37300,"Palestine, TX",2025,0.4968,Neutral,203479.36686734983,0,404000
23500,"Gaffney, SC",2025,0.4726,Neutral,179036.3430566674,0,10000
45980,"Troy, AL",2025,0.4001,Neutral,158986.67075504447,0,0
13220,"Beckley, WV",2025,0.3689,Neutral,140115.33446195957,1,34050
10860,"Alice, TX",2025,0.348,Neutral,129954.29691242892,0,24000
22340,"Fitzgerald, GA",2025,0.3066,Neutral,122196.68600798922,0,0
18380,"Cordele, GA",2025,0.2488,Neutral,128239.67654412262,0,1000
45020,"Sweetwater, TX",2025,0.1996,Neutral,108465.67589523824,0,0
20060,"Douglas, GA",2025,0.1796,Neutral,164246.59080983672,0,48000
13300,"Beeville, TX",2025,0.117,Neutral,158526.04787596696,0,0
32940,"Meridian, MS",2025,-0.0167,Neutral,117974.74129150376,0,1039000
11060,"Altus, OK",2025,-0.2578,Neutral,107982.99221536209,0,15000
29860,"Laurel, MS",2025,-0.3734,Neutral,147284.56899711638,0,3089000
39460,"Punta Gorda, FL",2025,-0.4464,Neutral,309733.2064666994,0,0
33060,"Miami, OK",2025,-0.6178,Neutral,133432.12777237175,0,20000
46900,"Vernon, TX",2025,-1.0063,Neutral,100214.8846054168,0,0
27780,"Johnstown, PA",2025,-1.0472,Neutral,114683.16663792112,0,372000
22620,"Forrest City, AR",2025,-1.2785,Neutral,78541.84692816414,1,202000
42820,"Selma, AL",2025,-1.4471,Neutral,83724.14614177147,0,0
15780,"Camden, AR",2025,-1.541,Neutral,101775.20117963717,1,0
31620,"Magnolia, AR",2025,-1.5649,Neutral,130343.99139908711,0,110000
17260,"Clarksdale, MS",2025,-1.6267,Neutral,56021.85866793084,0,60000
36660,"Opelousas, LA",2025,-1.7481,Neutral,129521.84136647436,0,47000
49820,"Zapata, TX",2025,-1.9287,Neutral,121503.63087836612,0,0
17380,"Cleveland, MS",2025,-2.3383,Caution,119025.89365944926,0,60000
35020,"Natchez, MS-LA",2025,-2.4535,Caution,118472.181682577,0,67000
43500,"Silver City, NM",2025,-2.607,Caution,181309.02271571135,0,0
34020,"Morgan City, LA",2025,-2.8209,Caution,112778.6644461339,0,200000
34660,"Murray, KY",2025,-5.7436,Caution,181308.0796792789,1,196000
33180,"Middlesborough, KY",2025,-7.5011,Caution,98999.89852452512,1,12000
24740,"Greenville, MS",2025,-13.832,Caution,51647.25966432158,1,260000
