CBSA_CODE,CBSA_TITLE,YEAR,predicted_growth_2026,recommendation_label,zhvi_sfr_mid_dec,mortgage_rate_avg,mortgage_rate_yoy,cpi_yoy_pct,unemployment_rate,unemployment_yoy,unemployment_vs_national,had_major_disaster_ann,damage_property_sum_ann
41940,"San Jose-Sunnyvale-Santa Clara, CA",2025,16.4724,Attractive,1756597.7099270488,6.5951,-0.1261,2.6344,4.3273,0.1106,0.0637,0,10
27220,"Jackson, WY-ID",2025,14.2276,Attractive,1495092.6353837328,6.5951,-0.1261,2.6344,2.4909,-0.0091,-1.7727,0,13000
47240,"Vineyard Haven, MA",2025,13.647,Attractive,1509991.060813987,6.5951,-0.1261,2.6344,5.8,0.7833,1.5364,0,0
14720,"Breckenridge, CO",2025,13.5233,Attractive,1413939.5611168572,6.5951,-0.1261,2.6344,3.2091,-0.0409,-1.0545,0,0
20780,"Edwards, CO",2025,13.2164,Attractive,1450808.0297957037,6.5951,-0.1261,2.6344,3.4545,-0.0705,-0.8091,0,0
41860,"San Francisco-Oakland-Fremont, CA",2025,11.8505,Attractive,1201456.4967507496,6.5951,-0.1261,2.6344,4.3727,0.1977,0.1091,0,20
44460,"Steamboat Springs, CO",2025,11.8282,Attractive,1293737.3947906506,6.5951,-0.1261,2.6344,3.6364,-0.2553,-0.6272,0,0
27980,"Kahului-Wailuku, HI",2025,11.1545,Attractive,1093334.0610764977,6.5951,-0.1261,2.6344,2.9273,-1.4144,-1.3363,0,100000
25720,"Heber, UT",2025,11.0801,Attractive,1181253.1437304968,6.5951,-0.1261,2.6344,2.8818,0.0318,-1.3818,0,1000
42100,"Santa Cruz-Watsonville, CA",2025,11.0544,Attractive,1161230.5924899138,6.5951,-0.1261,2.6344,6.2727,0.3477,2.0091,0,0
25200,"Hailey, ID",2025,10.7836,Attractive,1183166.7300670836,6.5951,-0.1261,2.6344,3.2182,-0.0401,-1.0454,0,15000
28180,"Kapaa, HI",2025,10.3363,Attractive,1048249.1826242354,6.5951,-0.1261,2.6344,2.3727,-0.2523,-1.8909,0,0
46520,"Urban Honolulu, HI",2025,10.1495,Attractive,1040210.5146222828,6.5951,-0.1261,2.6344,2.4545,-0.2538,-1.8091,0,150000
42200,"Santa Maria-Santa Barbara, CA",2025,10.069,Attractive,1033574.3333174672,6.5951,-0.1261,2.6344,4.7091,0.2341,0.4455,0,2000
31080,"Los Angeles-Long Beach-Anaheim, CA",2025,9.9227,Attractive,1009779.4661041956,6.5951,-0.1261,2.6344,5.3455,-0.0045,1.0819,1,3000
28580,"Key West-Key Largo, FL",2025,9.8808,Attractive,990016.251389046,6.5951,-0.1261,2.6344,2.8091,0.5091,-1.4545,0,0
41740,"San Diego-Chula Vista-Carlsbad, CA",2025,9.8141,Attractive,993224.5373596754,6.5951,-0.1261,2.6344,4.5727,0.256,0.3091,0,0
40090,"Rifle, CO",2025,9.5137,Attractive,932349.5030878512,6.5951,-0.1261,2.6344,3.3,-0.3417,-0.9636,0,0
42020,"San Luis Obispo-Paso Robles, CA",2025,9.2095,Attractive,915470.5120037243,6.5951,-0.1261,2.6344,4.4364,0.3614,0.1728,0,4000
37100,"Oxnard-Thousand Oaks-Ventura, CA",2025,9.0111,Attractive,905196.0036204464,6.5951,-0.1261,2.6344,4.8273,0.2356,0.5637,0,2000
34900,"Napa, CA",2025,8.9301,Attractive,901398.165444152,6.5951,-0.1261,2.6344,4.1636,0.2469,-0.1,0,10
23660,"Galesburg, IL",2025,8.73,Attractive,108820.24767718551,6.5951,-0.1261,2.6344,4.8,-0.45,0.5364,0,0
23300,"Freeport, IL",2025,8.6154,Attractive,147913.17892500723,6.5951,-0.1261,2.6344,4.4182,-0.4318,0.1546,0,0
35580,"New Ulm, MN",2025,8.591,Attractive,230743.39623793887,6.5951,-0.1261,2.6344,3.7818,0.5985,-0.4818,0,0
38700,"Pontiac, IL",2025,8.4471,Attractive,156750.98364274114,6.5951,-0.1261,2.6344,3.8818,-0.2182,-0.3818,0,0
41500,"Salinas, CA",2025,8.4456,Attractive,846224.3766335262,6.5951,-0.1261,2.6344,7.6545,0.3295,3.3909,0,20
33020,"Mexico, MO",2025,8.4342,Attractive,177365.0603519189,6.5951,-0.1261,2.6344,3.9364,0.3447,-0.3272,0,170000
44620,"Stevens Point-Plover, WI",2025,8.3221,Attractive,297764.24884071935,6.5951,-0.1261,2.6344,3.1273,0.2273,-1.1363,0,0
28540,"Ketchikan, AK",2025,8.2365,Attractive,419591.8236458677,6.5951,-0.1261,2.6344,4.4,0.4333,0.1364,0,0
43380,"Sidney, OH",2025,8.1895,Attractive,232091.8610061004,6.5951,-0.1261,2.6344,4.3455,0.4288,0.0819,0,61500
35620,"New York-Newark-Jersey City, NY-NJ",2025,8.1895,Attractive,722645.1459530685,6.5951,-0.1261,2.6344,4.6273,0.1023,0.3637,0,486000
14460,"Boston-Cambridge-Newton, MA-NH",2025,8.0376,Attractive,748552.7077574696,6.5951,-0.1261,2.6344,4.4182,0.7349,0.1546,0,98500
42220,"Santa Rosa-Petaluma, CA",2025,7.9976,Attractive,805696.1759414552,6.5951,-0.1261,2.6344,4.3909,0.2659,0.1273,0,30
12700,"Barnstable Town, MA",2025,7.9623,Attractive,771186.5896942528,6.5951,-0.1261,2.6344,5.5182,0.6515,1.2546,0,300
42660,"Seattle-Tacoma-Bellevue, WA",2025,7.8884,Attractive,777229.829070239,6.5951,-0.1261,2.6344,4.6364,0.3197,0.3728,1,0
40300,"Rochelle, IL",2025,7.8635,Attractive,213989.40004949435,6.5951,-0.1261,2.6344,4.5,-0.475,0.2364,0,1000
20300,"Dumas, TX",2025,7.8594,Attractive,179465.28419357014,6.5951,-0.1261,2.6344,2.8545,-0.1038,-1.4091,0,466000
45380,"Taylorville, IL",2025,7.8587,Attractive,127523.39839227172,6.5951,-0.1261,2.6344,4.1273,-0.1477,-0.1363,0,0
21540,"Escanaba, MI",2025,7.8194,Attractive,187244.46867891095,6.5951,-0.1261,2.6344,6.8,0.6583,2.5364,0,101000
27420,"Jamestown, ND",2025,7.8069,Attractive,220820.86052531193,6.5951,-0.1261,2.6344,2.4818,0.1651,-1.7818,1,14227000
43020,"Shawano, WI",2025,7.7605,Attractive,256580.71260642723,6.5951,-0.1261,2.6344,3.2364,0.1447,-1.0272,0,0
14500,"Boulder, CO",2025,7.6738,Attractive,771530.805743223,6.5951,-0.1261,2.6344,4.2182,0.0182,-0.0454,0,0
23820,"Gardnerville Ranchos, NV-CA",2025,7.6314,Attractive,679125.7138960203,6.5951,-0.1261,2.6344,4.6,-0.375,0.3364,0,0
48780,"Williston, ND",2025,7.6237,Attractive,341101.1147451852,6.5951,-0.1261,2.6344,2.7,0.225,-1.5636,0,25000
19860,"Dickinson, ND",2025,7.6019,Attractive,313272.59684893664,6.5951,-0.1261,2.6344,2.5,0.175,-1.7636,0,1066000
20420,"Durango, CO",2025,7.5839,Attractive,691028.2512642463,6.5951,-0.1261,2.6344,3.9182,-0.1985,-0.3454,0,0
37900,"Peoria, IL",2025,7.571,Attractive,161279.32115379898,6.5951,-0.1261,2.6344,4.6455,-0.2295,0.3819,0,8000
20940,"El Centro, CA",2025,7.5342,Attractive,369250.90362518,6.5951,-0.1261,2.6344,18.8,0.45,14.5364,0,4694000
37940,"Peru, IN",2025,7.4206,Attractive,152719.49836165152,6.5951,-0.1261,2.6344,4.2909,-0.7174,0.0273,0,200000
13180,"Beaver Dam, WI",2025,7.4082,Attractive,305737.0559304974,6.5951,-0.1261,2.6344,2.7182,0.1349,-1.5454,0,7317500
19940,"Dixon, IL",2025,7.3986,Attractive,171520.23487289753,6.5951,-0.1261,2.6344,4.4636,-0.4364,0.2,0,0
30260,"Lewisburg, PA",2025,7.3983,Attractive,275159.0117149078,6.5951,-0.1261,2.6344,3.8364,0.4697,-0.4272,0,20000
43100,"Sheboygan, WI",2025,7.3977,Attractive,309693.1142877264,6.5951,-0.1261,2.6344,2.7636,0.2719,-1.5,0,30000
14580,"Bozeman, MT",2025,7.3654,Attractive,733335.8651542612,6.5951,-0.1261,2.6344,2.4091,0.1174,-1.8545,0,0
40420,"Rockford, IL",2025,7.351,Attractive,207085.20092436977,6.5951,-0.1261,2.6344,5.1636,-0.4614,0.9,0,30000
49220,"Wisconsin Rapids-Marshfield, WI",2025,7.2944,Attractive,213698.14059655252,6.5951,-0.1261,2.6344,3.4455,0.2288,-0.8181,0,0
32100,"Marquette, MI",2025,7.2813,Attractive,232996.63902160907,6.5951,-0.1261,2.6344,6.0455,0.8955,1.7819,0,48500
40980,"Saginaw, MI",2025,7.2713,Attractive,160270.50747527878,6.5951,-0.1261,2.6344,6.9273,1.0356,2.6637,0,150000
11540,"Appleton, WI",2025,7.2491,Attractive,333122.33231825766,6.5951,-0.1261,2.6344,2.7636,0.2886,-1.5,0,0
27500,"Janesville-Beloit, WI",2025,7.1799,Attractive,278822.8431128706,6.5951,-0.1261,2.6344,3.4909,0.2659,-0.7727,0,76000
22380,"Flagstaff, AZ",2025,7.155,Attractive,638541.568073844,6.5951,-0.1261,2.6344,4.6182,0.7682,0.3546,0,0
39940,"Rexburg, ID",2025,7.1488,Attractive,425006.10925531265,6.5951,-0.1261,2.6344,4.0727,0.6227,-0.1909,0,15700
31940,"Marinette, WI-MI",2025,7.1447,Attractive,192169.80586060844,6.5951,-0.1261,2.6344,4.5091,0.3258,0.2455,0,49500
16380,"Celina, OH",2025,7.1392,Attractive,260906.0212437027,6.5951,-0.1261,2.6344,3.5091,0.2424,-0.7545,0,15000
29260,"La Grande, OR",2025,7.1009,Attractive,318228.42195094464,6.5951,-0.1261,2.6344,5.6364,0.9614,1.3728,1,0
44100,"Springfield, IL",2025,7.0659,Attractive,188758.06094886552,6.5951,-0.1261,2.6344,4.1182,-0.1401,-0.1454,0,0
18220,"Connersville, IN",2025,7.0621,Attractive,155508.14731009855,6.5951,-0.1261,2.6344,4.2,-0.6,-0.0636,0,29000
35420,"New Philadelphia-Dover, OH",2025,7.0605,Attractive,202384.30414311957,6.5951,-0.1261,2.6344,4.6636,0.6303,0.4,0,57000
26220,"Hood River, OR",2025,7.0484,Attractive,676824.0827740944,6.5951,-0.1261,2.6344,4.0727,0.6644,-0.1909,1,0
41760,"Sandpoint, ID",2025,7.0317,Attractive,626709.3986018443,6.5951,-0.1261,2.6344,5.1545,-0.0455,0.8909,1,20000
17660,"Coeur d'Alene, ID",2025,7.0196,Attractive,585350.9543158786,6.5951,-0.1261,2.6344,4.4727,0.081,0.2091,1,0
48140,"Wausau, WI",2025,7.0184,Attractive,250483.0717119101,6.5951,-0.1261,2.6344,2.7818,0.1818,-1.4818,0,0
39340,"Provo-Orem-Lehi, UT",2025,6.9939,Attractive,554289.7857377286,6.5951,-0.1261,2.6344,3.4909,0.2326,-0.7727,0,516000
19540,"Decatur, IN",2025,6.9608,Attractive,235842.54919729428,6.5951,-0.1261,2.6344,3.4,-0.5417,-0.8636,0,178000
27940,"Juneau, AK",2025,6.9494,Attractive,490880.5041582343,6.5951,-0.1261,2.6344,3.5455,0.1455,-0.7181,0,0
13380,"Bellingham, WA",2025,6.9269,Attractive,627868.0783933925,6.5951,-0.1261,2.6344,4.4,-0.1417,0.1364,1,0
36840,"Ottawa, KS",2025,6.9184,Attractive,244659.26417566455,6.5951,-0.1261,2.6344,3.9182,0.0849,-0.3454,1,80000
24820,"Greenville, OH",2025,6.8865,Attractive,202116.9483342858,6.5951,-0.1261,2.6344,4.5273,0.5606,0.2637,0,12250
31700,"Manchester-Nashua, NH",2025,6.8839,Attractive,534379.7353971218,6.5951,-0.1261,2.6344,3.3545,0.5545,-0.9091,0,24000
41620,"Salt Lake City-Murray, UT",2025,6.8819,Attractive,575296.8438179645,6.5951,-0.1261,2.6344,3.4545,0.2545,-0.8091,0,1038000
25700,"Hays, KS",2025,6.876,Attractive,236284.20040494876,6.5951,-0.1261,2.6344,3.0455,0.1622,-1.2181,1,0
36020,"Oak Harbor, WA",2025,6.8637,Attractive,630724.6298231363,6.5951,-0.1261,2.6344,4.5455,-0.1545,0.2819,1,0
10940,"Alma, MI",2025,6.8459,Attractive,170740.72561738765,6.5951,-0.1261,2.6344,6.0818,0.6235,1.8182,0,0
18180,"Concord, NH",2025,6.8406,Attractive,482750.48596145894,6.5951,-0.1261,2.6344,2.7364,0.4531,-1.5272,0,4100
30620,"Lima, OH",2025,6.8185,Attractive,181352.9626976943,6.5951,-0.1261,2.6344,5.0273,0.6356,0.7637,0,81500
36780,"Oshkosh-Neenah, WI",2025,6.8021,Attractive,287430.2061966202,6.5951,-0.1261,2.6344,2.9,0.2333,-1.3636,0,0
28060,"Kalispell, MT",2025,6.7963,Attractive,629476.3496584863,6.5951,-0.1261,2.6344,3.2091,0.0008,-1.0545,1,0
14740,"Bremerton-Silverdale-Port Orchard, WA",2025,6.7924,Attractive,575212.505219766,6.5951,-0.1261,2.6344,4.2455,-0.2628,-0.0181,0,0
34580,"Mount Vernon-Anacortes, WA",2025,6.7867,Attractive,577758.1271614552,6.5951,-0.1261,2.6344,4.7091,-0.2826,0.4455,1,0
47900,"Washington-Arlington-Alexandria, DC-VA-MD-WV",2025,6.7824,Attractive,617317.1726972847,6.5951,-0.1261,2.6344,3.8091,0.8174,-0.4545,0,6196000
32280,"Martin, TN",2025,6.7778,Attractive,180138.435467397,6.5951,-0.1261,2.6344,4.3545,-0.0955,0.0909,0,355500
26700,"Huron, SD",2025,6.7728,Attractive,184217.59020745815,6.5951,-0.1261,2.6344,1.9,0.225,-2.3636,0,0
11260,"Anchorage, AK",2025,6.7562,Attractive,428507.4323197214,6.5951,-0.1261,2.6344,4.2727,0.106,0.0091,1,0
24580,"Green Bay, WI",2025,6.7524,Attractive,326208.77940373326,6.5951,-0.1261,2.6344,2.8909,0.2326,-1.3727,0,165000
31820,"Manitowoc, WI",2025,6.7519,Attractive,248813.0917691331,6.5951,-0.1261,2.6344,2.9909,0.2076,-1.2727,0,0
30140,"Lebanon, PA",2025,6.7447,Attractive,303590.92690196267,6.5951,-0.1261,2.6344,3.6909,0.5742,-0.5727,0,86000
20220,"Dubuque, IA",2025,6.7444,Attractive,263574.3481252656,6.5951,-0.1261,2.6344,3.6273,0.3606,-0.6363,0,0
42740,"Sedalia, MO",2025,6.7394,Attractive,185767.2331543631,6.5951,-0.1261,2.6344,4.0636,0.3553,-0.2,0,0
36260,"Ogden, UT",2025,6.7343,Attractive,515174.0979117214,6.5951,-0.1261,2.6344,3.2545,0.2462,-1.0091,0,5500
39980,"Richmond, IN",2025,6.7266,Attractive,162803.29078225826,6.5951,-0.1261,2.6344,3.8273,-0.5644,-0.4363,0,27000
11020,"Altoona, PA",2025,6.7209,Attractive,164594.05791154635,6.5951,-0.1261,2.6344,4.0,0.4667,-0.2636,0,250000
46540,"Utica-Rome, NY",2025,6.7096,Attractive,213167.87052284784,6.5951,-0.1261,2.6344,3.9273,0.1023,-0.3363,0,953000
31060,"Los Alamos, NM",2025,6.6927,Attractive,597312.6202196354,6.5951,-0.1261,2.6344,1.8455,0.0455,-2.4181,0,0
13900,"Bismarck, ND",2025,6.6825,Attractive,353606.52137656213,6.5951,-0.1261,2.6344,2.4545,0.1128,-1.8091,1,8576000
41140,"St. Joseph, MO-KS",2025,6.6788,Attractive,203071.14082988157,6.5951,-0.1261,2.6344,4.0273,0.3106,-0.2363,0,0
31740,"Manhattan, KS",2025,6.6741,Attractive,260252.00716068663,6.5951,-0.1261,2.6344,3.6545,0.2878,-0.6091,0,90250
13460,"Bend, OR",2025,6.6736,Attractive,670023.5026127662,6.5951,-0.1261,2.6344,4.8182,0.5765,0.5546,0,0
19500,"Decatur, IL",2025,6.6593,Attractive,116847.00740750373,6.5951,-0.1261,2.6344,5.6909,-0.1508,1.4273,0,1000000
44980,"Sunbury, PA",2025,6.6571,Attractive,161128.1671143891,6.5951,-0.1261,2.6344,4.3,0.5083,0.0364,0,83000
33340,"Milwaukee-Waukesha, WI",2025,6.6547,Attractive,379371.1066255256,6.5951,-0.1261,2.6344,3.4909,0.2576,-0.7727,1,172125000
29980,"Lawrenceburg, TN",2025,6.6486,Attractive,238040.37587124808,6.5951,-0.1261,2.6344,4.1909,0.3659,-0.0727,0,238000
24220,"Grand Forks, ND-MN",2025,6.6443,Attractive,263493.4817416323,6.5951,-0.1261,2.6344,2.7455,0.3372,-1.5181,1,0
39300,"Providence-Warwick, RI-MA",2025,6.6442,Attractive,513338.32021427527,6.5951,-0.1261,2.6344,4.9455,0.4788,0.6819,0,95600
26090,"Holland, MI",2025,6.6319,Attractive,331483.1595104896,6.5951,-0.1261,2.6344,4.8818,0.7151,0.6182,0,0
32460,"Mayfield, KY",2025,6.5871,Attractive,164322.76247055575,6.5951,-0.1261,2.6344,4.2273,-0.331,-0.0363,1,117000
16580,"Champaign-Urbana, IL",2025,6.5808,Attractive,229962.10126477445,6.5951,-0.1261,2.6344,3.8909,-0.3174,-0.3727,0,0
31860,"Mankato, MN",2025,6.5752,Attractive,296740.4024126012,6.5951,-0.1261,2.6344,3.1545,0.5462,-1.1091,0,840000
24500,"Great Falls, MT",2025,6.572,Attractive,328047.64864294324,6.5951,-0.1261,2.6344,3.0364,0.0864,-1.2272,0,1000
25300,"Hannibal, MO",2025,6.5712,Attractive,204814.8504389389,6.5951,-0.1261,2.6344,4.1273,0.4356,-0.1363,0,105000
15100,"Brookings, SD",2025,6.5597,Attractive,304432.7526800853,6.5951,-0.1261,2.6344,2.0091,0.2591,-2.2545,0,0
39220,"Price, UT",2025,6.5515,Attractive,267336.380337706,6.5951,-0.1261,2.6344,4.3636,0.3803,0.1,0,20000
25880,"Hillsdale, MI",2025,6.55,Attractive,195989.65799155264,6.5951,-0.1261,2.6344,5.5273,0.6856,1.2637,0,56000
28620,"Kill Devil Hills, NC",2025,6.5399,Attractive,606284.0465977824,6.5951,-0.1261,2.6344,4.4,0.2583,0.1364,0,0
46860,"Vernal, UT",2025,6.5394,Attractive,350465.8193399333,6.5951,-0.1261,2.6344,3.5545,0.2962,-0.7091,0,0
33540,"Missoula, MT",2025,6.5263,Attractive,563087.0939151429,6.5951,-0.1261,2.6344,2.9636,0.0636,-1.3,1,4006000
29060,"Laconia, NH",2025,6.5111,Attractive,497987.3191370711,6.5951,-0.1261,2.6344,2.9182,0.5182,-1.3454,0,35000
34700,"Muscatine, IA",2025,6.5111,Attractive,192110.1684822803,6.5951,-0.1261,2.6344,3.9182,0.4682,-0.3454,0,0
30860,"Logan, UT-ID",2025,6.5096,Attractive,459660.9755899816,6.5951,-0.1261,2.6344,2.9636,0.1136,-1.3,0,5000
31900,"Mansfield, OH",2025,6.5028,Attractive,182980.85738485865,6.5951,-0.1261,2.6344,5.4909,0.5242,1.2273,0,0
32740,"Meadville, PA",2025,6.4813,Attractive,163321.3661434202,6.5951,-0.1261,2.6344,4.1909,0.4492,-0.0727,0,24000
49380,"Worthington, MN",2025,6.4813,Attractive,227206.21568204756,6.5951,-0.1261,2.6344,3.4818,0.7985,-0.7818,0,0
29540,"Lancaster, PA",2025,6.469,Attractive,372809.438976216,6.5951,-0.1261,2.6344,3.2727,0.3894,-0.9909,0,210500
48020,"Watertown-Fort Atkinson, WI",2025,6.4608,Attractive,354322.58298517903,6.5951,-0.1261,2.6344,2.9182,0.2765,-1.3454,0,4000
23340,"Fremont, NE",2025,6.4553,Attractive,233669.6423423797,6.5951,-0.1261,2.6344,3.0364,0.2447,-1.2272,1,0
48580,"Whitewater-Elkhorn, WI",2025,6.4538,Attractive,400214.8923806832,6.5951,-0.1261,2.6344,2.8818,0.0818,-1.3818,0,17500
26460,"Hudson, NY",2025,6.442,Attractive,452188.3919737728,6.5951,-0.1261,2.6344,3.2545,0.1128,-1.0091,0,1000
31540,"Madison, WI",2025,6.4351,Attractive,450349.3708886511,6.5951,-0.1261,2.6344,2.5909,0.2326,-1.6727,0,169000
29020,"Kokomo, IN",2025,6.4242,Attractive,181450.51628368304,6.5951,-0.1261,2.6344,5.9545,-0.9205,1.6909,0,195000
33780,"Monroe, MI",2025,6.4217,Attractive,253545.8590508356,6.5951,-0.1261,2.6344,5.8,0.5417,1.5364,0,1500
28260,"Kearney, NE",2025,6.4119,Attractive,288671.1193754139,6.5951,-0.1261,2.6344,2.4909,0.2576,-1.7727,0,0
20260,"Duluth, MN-WI",2025,6.3925,Attractive,245105.65478917572,6.5951,-0.1261,2.6344,4.5182,0.9932,0.2546,0,179000
43260,"Sheridan, WY",2025,6.3891,Attractive,431399.9631912405,6.5951,-0.1261,2.6344,3.2818,0.1068,-0.9818,0,0
37060,"Oxford, MS",2025,6.3746,Attractive,396754.2939893133,6.5951,-0.1261,2.6344,3.1909,0.4326,-1.0727,0,417500
25740,"Helena, MT",2025,6.3679,Attractive,461837.9435860696,6.5951,-0.1261,2.6344,2.8091,0.0674,-1.4545,1,12000
38180,"Pierre, SD",2025,6.3674,Attractive,286342.05785232666,6.5951,-0.1261,2.6344,1.5818,0.0818,-2.6818,0,0
34540,"Mount Vernon, OH",2025,6.3506,Attractive,272853.2349375982,6.5951,-0.1261,2.6344,4.6273,0.5523,0.3637,0,20000
12140,"Auburn, IN",2025,6.3489,Attractive,240550.22533517735,6.5951,-0.1261,2.6344,3.2455,-0.5878,-1.0181,0,56000
24340,"Grand Rapids-Wyoming-Kentwood, MI",2025,6.3414,Attractive,341863.0221507302,6.5951,-0.1261,2.6344,4.6636,0.6803,0.4,0,0
12100,"Atlantic City-Hammonton, NJ",2025,6.3391,Attractive,394563.7219388397,6.5951,-0.1261,2.6344,7.1091,0.8174,2.8455,0,80000
11380,"Andrews, TX",2025,6.3366,Attractive,248701.4043959319,6.5951,-0.1261,2.6344,3.1273,0.1273,-1.1363,0,0
28300,"Keene, NH",2025,6.3284,Attractive,375732.1272665578,6.5951,-0.1261,2.6344,3.0182,0.4765,-1.2454,0,0
21500,"Erie, PA",2025,6.3161,Attractive,208284.2887912558,6.5951,-0.1261,2.6344,4.3273,0.469,0.0637,0,260000
33620,"Moberly, MO",2025,6.3136,Attractive,171012.7567270263,6.5951,-0.1261,2.6344,3.8727,0.2394,-0.3909,0,0
13940,"Blackfoot, ID",2025,6.3121,Attractive,369014.96971098194,6.5951,-0.1261,2.6344,3.4636,-0.0614,-0.8,0,2700
22540,"Fond du Lac, WI",2025,6.3105,Attractive,276399.4355389718,6.5951,-0.1261,2.6344,2.9818,0.0568,-1.2818,0,14500
18700,"Corvallis, OR",2025,6.3099,Attractive,551080.797381437,6.5951,-0.1261,2.6344,4.2455,0.6288,-0.0181,0,0
21140,"Elkhart-Goshen, IN",2025,6.3079,Attractive,253634.35605501584,6.5951,-0.1261,2.6344,3.8364,-1.0969,-0.4272,0,378500
31500,"Madison, IN",2025,6.3044,Attractive,228486.68123786748,6.5951,-0.1261,2.6344,3.6636,-0.2864,-0.6,1,0
16260,"Cedar City, UT",2025,6.3024,Attractive,409982.03789739055,6.5951,-0.1261,2.6344,3.1091,0.1174,-1.1545,0,0
32140,"Marshall, MN",2025,6.3012,Attractive,207504.80194423845,6.5951,-0.1261,2.6344,3.7091,0.8924,-0.5545,0,0
23900,"Gettysburg, PA",2025,6.2871,Attractive,323317.19210645225,6.5951,-0.1261,2.6344,3.5455,0.4372,-0.7181,0,30000
16980,"Chicago-Naperville-Elgin, IL-IN",2025,6.2854,Attractive,354891.8057479139,6.5951,-0.1261,2.6344,4.7727,-0.369,0.5091,0,501768000
33940,"Montrose, CO",2025,6.2844,Attractive,483227.0145548519,6.5951,-0.1261,2.6344,4.4727,-0.1523,0.2091,0,0
39900,"Reno, NV",2025,6.2837,Attractive,564637.2420112994,6.5951,-0.1261,2.6344,4.4545,-0.3455,0.1909,0,1565000
30380,"Lewistown, PA",2025,6.2391,Attractive,182532.61711444493,6.5951,-0.1261,2.6344,3.7455,0.4372,-0.5181,0,38000
16660,"Charleston-Mattoon, IL",2025,6.2198,Attractive,141543.29178174035,6.5951,-0.1261,2.6344,3.7909,-0.1758,-0.4727,0,0
46020,"Truckee-Grass Valley, CA",2025,6.213,Attractive,599754.1944990786,6.5951,-0.1261,2.6344,4.8273,0.3106,0.5637,0,0
49620,"York-Hanover, PA",2025,6.209,Attractive,301982.2285326319,6.5951,-0.1261,2.6344,3.8727,0.4727,-0.3909,0,205000
47540,"Wapakoneta, OH",2025,6.2036,Attractive,225235.7622121861,6.5951,-0.1261,2.6344,3.9182,0.2349,-0.3454,0,3000
48300,"Wenatchee-East Wenatchee, WA",2025,6.2001,Attractive,526977.060575244,6.5951,-0.1261,2.6344,4.6545,-0.1955,0.3909,1,501000
11860,"Atchison, KS",2025,6.1967,Attractive,173589.80788068904,6.5951,-0.1261,2.6344,4.1455,0.2788,-0.1181,0,0
35740,"Norfolk, NE",2025,6.1722,Attractive,243174.50028720396,6.5951,-0.1261,2.6344,2.8364,0.3614,-1.4272,0,0
22060,"Faribault-Northfield, MN",2025,6.155,Attractive,341228.410897972,6.5951,-0.1261,2.6344,3.7455,0.7455,-0.5181,0,0
49340,"Worcester, MA",2025,6.1439,Attractive,473162.7790759757,6.5951,-0.1261,2.6344,4.9455,0.8122,0.6819,0,94800
39540,"Racine-Mount Pleasant, WI",2025,6.1401,Attractive,302716.0842232611,6.5951,-0.1261,2.6344,3.8364,0.3281,-0.4272,0,37000
18100,"Columbus, NE",2025,6.132,Attractive,268672.43659039476,6.5951,-0.1261,2.6344,2.7455,0.3788,-1.5181,1,2000
16180,"Carson City, NV",2025,6.119,Attractive,487046.5752030502,6.5951,-0.1261,2.6344,4.3273,-0.3644,0.0637,0,0
10580,"Albany-Schenectady-Troy, NY",2025,6.1184,Attractive,349590.4226583975,6.5951,-0.1261,2.6344,3.3545,0.0295,-0.9091,0,164000
27540,"Jasper, IN",2025,6.1172,Attractive,231880.5154495677,6.5951,-0.1261,2.6344,2.8636,-0.4614,-1.4,0,0
22420,"Flint, MI",2025,6.1151,Attractive,179429.1594141984,6.5951,-0.1261,2.6344,6.7545,1.0545,2.4909,0,0
46780,"Van Wert, OH",2025,6.1092,Attractive,175242.02059728428,6.5951,-0.1261,2.6344,4.4182,0.6099,0.1546,0,136000
38860,"Portland-South Portland, ME",2025,6.1037,Attractive,524881.7111857205,6.5951,-0.1261,2.6344,2.8,0.15,-1.4636,0,74000
36500,"Olympia-Lacey-Tumwater, WA",2025,6.103,Attractive,524720.27571195,6.5951,-0.1261,2.6344,4.3455,-0.2128,0.0819,1,0
49080,"Winnemucca, NV",2025,6.0988,Attractive,335242.1651916139,6.5951,-0.1261,2.6344,3.9727,-0.3106,-0.2909,0,0
12380,"Austin, MN",2025,6.0983,Attractive,194701.96579400753,6.5951,-0.1261,2.6344,3.4455,0.7538,-0.8181,0,0
41100,"St. George, UT",2025,6.098,Attractive,540645.1897731093,6.5951,-0.1261,2.6344,3.4545,0.1212,-0.8091,0,157000
18740,"Coshocton, OH",2025,6.0881,Attractive,175794.44139069392,6.5951,-0.1261,2.6344,5.3909,0.5576,1.1273,0,31000
35820,"North Platte, NE",2025,6.079,Attractive,212355.36479943225,6.5951,-0.1261,2.6344,2.8,0.15,-1.4636,0,515000
49660,"Youngstown-Warren, OH",2025,6.0651,Attractive,162404.7327303102,6.5951,-0.1261,2.6344,5.7636,0.7136,1.5,0,20000
26980,"Iowa City, IA",2025,6.0606,Attractive,326097.7488938431,6.5951,-0.1261,2.6344,2.8455,0.4788,-1.4181,0,0
40080,"Richmond-Berea, KY",2025,6.055,Attractive,256823.50109141067,6.5951,-0.1261,2.6344,4.9182,-0.2401,0.6546,1,72500
24300,"Grand Junction, CO",2025,6.05,Attractive,426244.4273609221,6.5951,-0.1261,2.6344,4.4545,0.0295,0.1909,0,100000
42140,"Santa Fe, NM",2025,6.0466,Attractive,556698.411323612,6.5951,-0.1261,2.6344,3.7455,0.0788,-0.5181,0,25000
11740,"Ashland, OH",2025,6.0337,Attractive,231459.13584834523,6.5951,-0.1261,2.6344,4.7727,0.4727,0.5091,0,0
23180,"Frankfort, KY",2025,6.029,Attractive,247778.1884662053,6.5951,-0.1261,2.6344,4.3545,-0.2788,0.0909,1,0
16940,"Cheyenne, WY",2025,6.0286,Attractive,380632.8769940093,6.5951,-0.1261,2.6344,3.4455,0.0455,-0.8181,0,1000000
34940,"Naples-Marco Island, FL",2025,6.0264,Attractive,672214.8584981628,6.5951,-0.1261,2.6344,4.1727,0.8227,-0.0909,0,500
22220,"Fayetteville-Springdale-Rogers, AR",2025,6.0157,Attractive,359114.24722529977,6.5951,-0.1261,2.6344,3.0909,0.4242,-1.1727,0,3318000
18660,"Cortland, NY",2025,6.0144,Attractive,190308.60647109573,6.5951,-0.1261,2.6344,4.3182,0.1265,0.0546,0,38000
13020,"Bay City, MI",2025,6.0139,Attractive,170787.76707257328,6.5951,-0.1261,2.6344,6.5455,0.9788,2.2819,0,0
14010,"Bloomington, IL",2025,6.013,Attractive,252393.42941551263,6.5951,-0.1261,2.6344,3.7455,-0.1212,-0.5181,0,0
25500,"Harrisonburg, VA",2025,6.0061,Attractive,343206.61167553026,6.5951,-0.1261,2.6344,3.3909,0.6159,-0.8727,1,370000
46820,"Vermillion, SD",2025,5.9967,Moderate,274279.5624216234,6.5951,-0.1261,2.6344,2.0727,0.3144,-2.1909,0,0
28860,"Kirksville, MO",2025,5.9951,Moderate,181489.29764887496,6.5951,-0.1261,2.6344,4.6091,0.5924,0.3455,0,0
38420,"Platteville, WI",2025,5.9945,Moderate,214032.9149462867,6.5951,-0.1261,2.6344,3.2,0.1917,-1.0636,0,542000
33580,"Mitchell, SD",2025,5.9859,Moderate,250022.28232318573,6.5951,-0.1261,2.6344,1.7909,0.1659,-2.4727,0,0
49100,"Winona, MN",2025,5.9848,Moderate,272169.2500752585,6.5951,-0.1261,2.6344,3.0818,0.6568,-1.1818,0,3000
40940,"Safford, AZ",2025,5.9838,Moderate,292474.46700542426,6.5951,-0.1261,2.6344,3.8091,0.4841,-0.4545,0,300
22660,"Fort Collins-Loveland, CO",2025,5.9815,Moderate,565460.8995543651,6.5951,-0.1261,2.6344,4.1545,0.0878,-0.1091,0,0
43980,"Spencer, IA",2025,5.9779,Moderate,185631.54123574763,6.5951,-0.1261,2.6344,3.3182,0.1015,-0.9454,0,0
38820,"Port Angeles, WA",2025,5.9757,Moderate,488696.23691629834,6.5951,-0.1261,2.6344,4.9182,-0.2151,0.6546,1,0
34140,"Moscow, ID",2025,5.9724,Moderate,467849.7910743779,6.5951,-0.1261,2.6344,3.4273,0.3773,-0.8363,1,2000
30500,"Lexington Park, MD",2025,5.971,Moderate,425348.6384201555,6.5951,-0.1261,2.6344,3.1545,0.4795,-1.1091,0,392000
16500,"Centralia, WA",2025,5.9594,Moderate,420896.848596568,6.5951,-0.1261,2.6344,5.6182,-0.2068,1.3546,1,0
40140,"Riverside-San Bernardino-Ontario, CA",2025,5.9484,Moderate,588123.1121998267,6.5951,-0.1261,2.6344,5.4636,0.2553,1.2,0,4791100
30700,"Lincoln, NE",2025,5.9457,Moderate,293748.57160391257,6.5951,-0.1261,2.6344,2.8545,0.3295,-1.4091,1,4820000
23380,"Fremont, OH",2025,5.9454,Moderate,181615.86198350173,6.5951,-0.1261,2.6344,5.7909,1.0659,1.5273,0,0
38900,"Portland-Vancouver-Hillsboro, OR-WA",2025,5.9447,Moderate,554234.5551963898,6.5951,-0.1261,2.6344,4.7909,0.7659,0.5273,1,33000
37980,"Philadelphia-Camden-Wilmington, PA-NJ-DE-MD",2025,5.9358,Moderate,383115.52502678224,6.5951,-0.1261,2.6344,4.3455,0.5122,0.0819,0,814000
30660,"Lincoln, IL",2025,5.9342,Moderate,132459.28608708063,6.5951,-0.1261,2.6344,4.6909,-0.2258,0.4273,0,0
40900,"Sacramento-Roseville-Folsom, CA",2025,5.9342,Moderate,581036.3930956527,6.5951,-0.1261,2.6344,4.9818,0.3068,0.7182,0,20000
22780,"Fort Leonard Wood, MO",2025,5.9249,Moderate,217945.47929950609,6.5951,-0.1261,2.6344,4.1455,0.3372,-0.1181,0,305000
45060,"Syracuse, NY",2025,5.92,Moderate,244853.7582334928,6.5951,-0.1261,2.6344,3.7,0.0583,-0.5636,0,513750
48460,"West Plains, MO",2025,5.9187,Moderate,214338.46009713016,6.5951,-0.1261,2.6344,4.7091,0.2924,0.4455,1,6178000
41060,"St. Cloud, MN",2025,5.9185,Moderate,305287.08278690244,6.5951,-0.1261,2.6344,3.9818,0.8401,-0.2818,0,0
17410,"Cleveland, OH",2025,5.917,Moderate,244583.55905435336,6.5951,-0.1261,2.6344,4.0545,0.2628,-0.2091,0,263000
11420,"Angola, IN",2025,5.9143,Moderate,300019.0180566733,6.5951,-0.1261,2.6344,3.6273,-0.5394,-0.6363,0,259000
10100,"Aberdeen, SD",2025,5.9133,Moderate,228898.43464832104,6.5951,-0.1261,2.6344,1.9636,0.2053,-2.3,0,0
32180,"Marshall, MO",2025,5.9029,Moderate,174778.48101407525,6.5951,-0.1261,2.6344,3.6364,0.3197,-0.6272,0,0
14260,"Boise City, ID",2025,5.9029,Moderate,485647.35078631405,6.5951,-0.1261,2.6344,3.4636,-0.0364,-0.8,0,0
27620,"Jefferson City, MO",2025,5.8991,Moderate,259798.8844380592,6.5951,-0.1261,2.6344,3.2727,0.1644,-0.9909,1,125000
26780,"Hutchinson, MN",2025,5.8988,Moderate,285415.65290525765,6.5951,-0.1261,2.6344,4.1364,0.8447,-0.1272,0,0
31930,"Marietta, OH",2025,5.8983,Moderate,175104.79368043956,6.5951,-0.1261,2.6344,5.1182,0.1182,0.8546,0,37500
24700,"Greensburg, IN",2025,5.898,Moderate,245316.3195898171,6.5951,-0.1261,2.6344,3.4818,-0.3599,-0.7818,1,52000
30460,"Lexington-Fayette, KY",2025,5.8935,Moderate,318076.4955001905,6.5951,-0.1261,2.6344,3.9545,-0.2872,-0.3091,1,20000
19740,"Denver-Aurora-Centennial, CO",2025,5.8923,Moderate,594282.1932211415,6.5951,-0.1261,2.6344,4.2636,0.0386,0.0,0,1000
12660,"Baraboo, WI",2025,5.8868,Moderate,325468.0849252465,6.5951,-0.1261,2.6344,2.8545,0.2378,-1.4091,0,25000
44580,"Sterling, IL",2025,5.8751,Moderate,138399.34171878445,6.5951,-0.1261,2.6344,4.4545,-0.2288,0.1909,0,0
33980,"Morehead City, NC",2025,5.8742,Moderate,462644.647011457,6.5951,-0.1261,2.6344,3.5455,0.1872,-0.7181,0,0
37540,"Paris, TN",2025,5.8739,Moderate,209282.3919558626,6.5951,-0.1261,2.6344,4.1273,0.1106,-0.1363,1,204000
39860,"Red Wing, MN",2025,5.8734,Moderate,316940.60092741944,6.5951,-0.1261,2.6344,3.7636,0.7386,-0.5,0,0
44420,"Staunton-Stuarts Draft, VA",2025,5.8684,Moderate,318421.5634761372,6.5951,-0.1261,2.6344,3.1,0.5167,-1.1636,0,129000
25420,"Harrisburg-Carlisle, PA",2025,5.8667,Moderate,301243.9893643116,6.5951,-0.1261,2.6344,3.7273,0.4523,-0.5363,0,235000
16820,"Charlottesville, VA",2025,5.8654,Moderate,470610.0238269695,6.5951,-0.1261,2.6344,3.0727,0.5394,-1.1909,0,78000
47780,"Washington, IN",2025,5.8637,Moderate,223930.8728084074,6.5951,-0.1261,2.6344,2.8818,-0.4432,-1.3818,0,1122000
20820,"Effingham, IL",2025,5.8635,Moderate,211647.1943365652,6.5951,-0.1261,2.6344,3.5182,-0.2901,-0.7454,0,0
33260,"Midland, TX",2025,5.8563,Moderate,322265.7353087434,6.5951,-0.1261,2.6344,3.0636,0.1553,-1.2,0,605750
15420,"Burley, ID",2025,5.8545,Moderate,325224.6199456064,6.5951,-0.1261,2.6344,3.2182,0.0515,-1.0454,0,76500
40340,"Rochester, MN",2025,5.8523,Moderate,332257.31105379894,6.5951,-0.1261,2.6344,3.0182,0.5265,-1.2454,0,140000
15940,"Canton-Massillon, OH",2025,5.8523,Moderate,203926.27998158935,6.5951,-0.1261,2.6344,5.0455,0.5122,0.7819,0,81500
12220,"Auburn-Opelika, AL",2025,5.8454,Moderate,342733.25545958366,6.5951,-0.1261,2.6344,2.7545,-0.1955,-1.5091,0,0
25100,"Guymon, OK",2025,5.8323,Moderate,159173.3651475351,6.5951,-0.1261,2.6344,1.9273,-0.006,-2.3363,0,50000
48700,"Williamsport, PA",2025,5.829,Moderate,222980.5647909068,6.5951,-0.1261,2.6344,4.4455,0.5038,0.1819,0,87000
13100,"Beatrice, NE",2025,5.8128,Moderate,191076.4261407665,6.5951,-0.1261,2.6344,3.2273,-0.0394,-1.0363,0,0
25900,"Hilo-Kailua, HI",2025,5.8121,Moderate,560083.4726192252,6.5951,-0.1261,2.6344,2.9364,-0.2636,-1.3272,0,0
11460,"Ann Arbor, MI",2025,5.8068,Moderate,417609.1077582299,6.5951,-0.1261,2.6344,4.5,0.7417,0.2364,0,2500
46500,"Urbana, OH",2025,5.8025,Moderate,238165.8740654239,6.5951,-0.1261,2.6344,4.8364,0.6364,0.5728,0,13250
21740,"Evanston, WY-UT",2025,5.7854,Moderate,318875.99848812557,6.5951,-0.1261,2.6344,3.6091,0.3174,-0.6545,0,0
22020,"Fargo, ND-MN",2025,5.7808,Moderate,320075.73188142735,6.5951,-0.1261,2.6344,2.7,0.4083,-1.5636,1,0
28740,"Kingston, NY",2025,5.7651,Moderate,423873.0768830287,6.5951,-0.1261,2.6344,3.6091,0.0674,-0.6545,0,0
25940,"Hilton Head Island-Bluffton-Port Royal, SC",2025,5.7621,Moderate,525326.132198092,6.5951,-0.1261,2.6344,4.1909,0.3576,-0.0727,0,97750
46300,"Twin Falls, ID",2025,5.7603,Moderate,372784.63201776333,6.5951,-0.1261,2.6344,3.4636,-0.0531,-0.8,0,0
14820,"Brevard, NC",2025,5.7582,Moderate,472276.30031379015,6.5951,-0.1261,2.6344,3.6273,0.144,-0.6363,0,0
15340,"Bucyrus, OH",2025,5.756,Moderate,152025.52994054937,6.5951,-0.1261,2.6344,5.4545,0.6128,1.1909,0,0
21980,"Fallon, NV",2025,5.755,Moderate,377385.4209917635,6.5951,-0.1261,2.6344,4.5909,-0.4091,0.3273,0,0
46700,"Vallejo, CA",2025,5.7526,Moderate,580507.5298080457,6.5951,-0.1261,2.6344,5.3455,0.3788,1.0819,0,0
30280,"Lewisburg, TN",2025,5.7472,Moderate,319187.42399989086,6.5951,-0.1261,2.6344,3.7636,0.2969,-0.5,0,285000
44220,"Springfield, OH",2025,5.7308,Moderate,192588.30839025532,6.5951,-0.1261,2.6344,5.4455,0.7788,1.1819,0,239750
15380,"Buffalo-Cheektowaga, NY",2025,5.7265,Moderate,271025.71299085184,6.5951,-0.1261,2.6344,4.0182,0.1015,-0.2454,0,11000
10900,"Allentown-Bethlehem-Easton, PA-NJ",2025,5.7144,Moderate,349528.22847580357,6.5951,-0.1261,2.6344,4.3636,0.4719,0.1,0,30000
29660,"Laramie, WY",2025,5.7129,Moderate,364021.7629999818,6.5951,-0.1261,2.6344,2.7545,0.0128,-1.5091,0,10000
32020,"Marion, OH",2025,5.7081,Moderate,167448.20490671822,6.5951,-0.1261,2.6344,4.9545,0.5795,0.6909,0,0
36940,"Owatonna, MN",2025,5.6932,Moderate,286312.96251853224,6.5951,-0.1261,2.6344,4.4545,1.1712,0.1909,0,0
10300,"Adrian, MI",2025,5.6759,Moderate,228735.8626421738,6.5951,-0.1261,2.6344,5.4909,0.6742,1.2273,0,1000
32860,"Menomonie, WI",2025,5.6599,Moderate,299177.35798827396,6.5951,-0.1261,2.6344,3.3909,0.1992,-0.8727,0,0
36220,"Odessa, TX",2025,5.6584,Moderate,246680.42273278825,6.5951,-0.1261,2.6344,3.6909,0.1909,-0.5727,0,591000
18980,"Cullman, AL",2025,5.6581,Moderate,245483.44320693545,6.5951,-0.1261,2.6344,2.6273,-0.106,-1.6363,0,380000
47420,"Wahpeton, ND-MN",2025,5.6565,Moderate,214269.93522927375,6.5951,-0.1261,2.6344,2.9727,0.3477,-1.2909,0,0
38340,"Pittsfield, MA",2025,5.6541,Moderate,371305.20447318815,6.5951,-0.1261,2.6344,4.7,0.6667,0.4364,0,0
30820,"Lock Haven, PA",2025,5.645,Moderate,189955.9264741485,6.5951,-0.1261,2.6344,4.6545,0.4295,0.3909,0,608000
47460,"Walla Walla, WA",2025,5.6436,Moderate,406376.2118734966,6.5951,-0.1261,2.6344,4.0364,-0.2053,-0.2272,0,0
47340,"Wabash, IN",2025,5.6376,Moderate,180304.4079868774,6.5951,-0.1261,2.6344,3.4818,-0.7099,-0.7818,0,51000
29940,"Lawrence, KS",2025,5.637,Moderate,325987.9613863895,6.5951,-0.1261,2.6344,3.5182,0.2432,-0.7454,0,0
33140,"Michigan City-La Porte, IN",2025,5.6351,Moderate,242448.20331371645,6.5951,-0.1261,2.6344,4.0545,-0.6538,-0.2091,0,176000
20660,"Easton, MD",2025,5.6228,Moderate,486344.118174219,6.5951,-0.1261,2.6344,3.6727,0.3477,-0.5909,0,60000
47660,"Warrensburg, MO",2025,5.6166,Moderate,273780.7754749603,6.5951,-0.1261,2.6344,4.0545,0.3712,-0.2091,0,0
17140,"Cincinnati, OH-KY-IN",2025,5.6149,Moderate,307854.5970183381,6.5951,-0.1261,2.6344,4.5273,0.3106,0.2637,1,2089200
45940,"Trenton-Princeton, NJ",2025,5.6132,Moderate,446730.1392295885,6.5951,-0.1261,2.6344,5.0364,0.6447,0.7728,0,0
17860,"Columbia, MO",2025,5.6121,Moderate,315763.18460576463,6.5951,-0.1261,2.6344,3.5273,0.369,-0.7363,1,134000
39020,"Portsmouth, OH",2025,5.6076,Moderate,132473.5610517642,6.5951,-0.1261,2.6344,6.8364,1.0614,2.5728,0,31000
33460,"Minneapolis-St. Paul-Bloomington, MN-WI",2025,5.6075,Moderate,389864.3713776227,6.5951,-0.1261,2.6344,3.5727,0.681,-0.6909,0,0
37220,"Pahrump, NV",2025,5.592,Moderate,353171.7296018298,6.5951,-0.1261,2.6344,6.8727,-0.6523,2.6091,0,163100
10420,"Akron, OH",2025,5.5743,Moderate,228544.7893472289,6.5951,-0.1261,2.6344,5.0364,0.6281,0.7728,0,39500
20100,"Dover, DE",2025,5.5657,Moderate,362843.25435683626,6.5951,-0.1261,2.6344,4.9364,0.9281,0.6728,0,0
45520,"The Dalles, OR",2025,5.5594,Moderate,389817.46226875327,6.5951,-0.1261,2.6344,5.0727,0.7644,0.8091,0,0
35940,"Norwalk, OH",2025,5.5551,Moderate,182424.7411384949,6.5951,-0.1261,2.6344,5.8727,0.6644,1.6091,0,43000
14380,"Boone, NC",2025,5.5483,Moderate,503807.4264653662,6.5951,-0.1261,2.6344,3.5182,0.0432,-0.7454,0,15000
28100,"Kankakee, IL",2025,5.5462,Moderate,211446.67411420096,6.5951,-0.1261,2.6344,5.3545,-0.3705,1.0909,0,0
21260,"Ellensburg, WA",2025,5.5455,Moderate,488884.527147609,6.5951,-0.1261,2.6344,4.3182,-0.3401,0.0546,1,0
25260,"Hanford-Corcoran, CA",2025,5.5365,Moderate,355624.897498006,6.5951,-0.1261,2.6344,9.3636,0.4803,5.1,0,0
12780,"Bartlesville, OK",2025,5.526,Moderate,178973.9730686754,6.5951,-0.1261,2.6344,3.6091,0.0841,-0.6545,0,72000
15540,"Burlington-South Burlington, VT",2025,5.525,Moderate,472796.5059102286,6.5951,-0.1261,2.6344,2.3182,0.2932,-1.9454,0,107000
39660,"Rapid City, SD",2025,5.5242,Moderate,362646.768390534,6.5951,-0.1261,2.6344,1.9545,0.1628,-2.3091,1,0
41420,"Salem, OR",2025,5.5194,Moderate,447180.8303282708,6.5951,-0.1261,2.6344,4.8636,0.7719,0.6,1,0
48220,"Weatherford, OK",2025,5.5191,Moderate,172052.38228336492,6.5951,-0.1261,2.6344,2.7545,-0.1372,-1.5091,0,110000
24260,"Grand Island, NE",2025,5.5162,Moderate,249980.66191870355,6.5951,-0.1261,2.6344,3.4818,0.4985,-0.7818,0,1000000
27340,"Jacksonville, NC",2025,5.5139,Moderate,282734.6863996193,6.5951,-0.1261,2.6344,3.8727,0.131,-0.3909,0,0
28340,"Kendallville, IN",2025,5.5136,Moderate,238840.5680336179,6.5951,-0.1261,2.6344,3.4727,-0.8023,-0.7909,0,158000
25180,"Hagerstown-Martinsburg, MD-WV",2025,5.5127,Moderate,315109.4234686996,6.5951,-0.1261,2.6344,3.7636,0.4803,-0.5,0,1370500
22260,"Fergus Falls, MN",2025,5.5094,Moderate,312472.23713121715,6.5951,-0.1261,2.6344,4.4455,0.9455,0.1819,0,0
11180,"Ames, IA",2025,5.5086,Moderate,280941.5112168685,6.5951,-0.1261,2.6344,2.9273,0.5356,-1.3363,0,0
40220,"Roanoke, VA",2025,5.5061,Moderate,288237.233231179,6.5951,-0.1261,2.6344,3.4636,0.5303,-0.8,1,1058400
20740,"Eau Claire, WI",2025,5.506,Moderate,310446.42675773497,6.5951,-0.1261,2.6344,3.1727,0.2644,-1.0909,0,0
13340,"Bellefontaine, OH",2025,5.5043,Moderate,242218.6745196073,6.5951,-0.1261,2.6344,4.4636,0.4719,0.2,0,18250
14100,"Bloomsburg-Berwick, PA",2025,5.5018,Moderate,236461.01252052715,6.5951,-0.1261,2.6344,4.7364,0.5697,0.4728,0,32500
36620,"Ontario, OR-ID",2025,5.4965,Moderate,359147.823055561,6.5951,-0.1261,2.6344,4.4727,0.2644,0.2091,0,0
12580,"Baltimore-Columbia-Towson, MD",2025,5.4964,Moderate,405068.6902306888,6.5951,-0.1261,2.6344,3.6091,0.5591,-0.6545,0,3808000
40060,"Richmond, VA",2025,5.4942,Moderate,384878.9746804772,6.5951,-0.1261,2.6344,3.4636,0.4969,-0.8,1,6003100
28140,"Kansas City, MO-KS",2025,5.4919,Moderate,317441.94870391465,6.5951,-0.1261,2.6344,3.9909,0.4076,-0.2727,1,110000
14660,"Brainerd, MN",2025,5.4907,Moderate,340091.4144555465,6.5951,-0.1261,2.6344,5.0455,1.0288,0.7819,0,120000
46100,"Tullahoma-Manchester, TN",2025,5.49,Moderate,307755.58855841676,6.5951,-0.1261,2.6344,3.6182,0.2599,-0.6454,0,109500
21220,"Elko, NV",2025,5.4851,Moderate,355681.01936918165,6.5951,-0.1261,2.6344,3.9727,-0.2023,-0.2909,0,0
44300,"State College, PA",2025,5.4843,Moderate,337922.64592595753,6.5951,-0.1261,2.6344,3.2091,0.3508,-1.0545,0,756700
49460,"Yankton, SD",2025,5.4767,Moderate,272093.79376846604,6.5951,-0.1261,2.6344,1.8,0.25,-2.4636,0,0
29100,"La Crosse-Onalaska, WI-MN",2025,5.4608,Moderate,316211.868501467,6.5951,-0.1261,2.6344,2.8909,0.2409,-1.3727,0,32000
11820,"Astoria, OR",2025,5.4603,Moderate,518947.3814779168,6.5951,-0.1261,2.6344,5.0364,0.8281,0.7728,0,0
19340,"Davenport-Moline-Rock Island, IA-IL",2025,5.4602,Moderate,185100.47215580897,6.5951,-0.1261,2.6344,4.8273,0.2106,0.5637,0,3000
39740,"Reading, PA",2025,5.4563,Moderate,303219.61276822403,6.5951,-0.1261,2.6344,4.2455,0.5455,-0.0181,0,315000
32380,"Mason City, IA",2025,5.4511,Moderate,185768.7152300681,6.5951,-0.1261,2.6344,3.4091,0.5591,-0.8545,0,90000
21780,"Evansville, IN",2025,5.4487,Moderate,215401.2760998162,6.5951,-0.1261,2.6344,3.4,-0.4917,-0.8636,1,191000
30300,"Lewiston, ID-WA",2025,5.4416,Moderate,362303.4667895111,6.5951,-0.1261,2.6344,3.6091,0.0174,-0.6545,1,0
19820,"Detroit-Warren-Dearborn, MI",2025,5.4395,Moderate,255892.04911111807,6.5951,-0.1261,2.6344,4.9727,0.456,0.7091,0,63500
27060,"Ithaca, NY",2025,5.4393,Moderate,338330.7939857537,6.5951,-0.1261,2.6344,3.3818,0.0735,-0.8818,0,78500
42620,"Searcy, AR",2025,5.4373,Moderate,201896.18592337007,6.5951,-0.1261,2.6344,3.9818,0.3568,-0.2818,1,0
47260,"Virginia Beach-Chesapeake-Norfolk, VA-NC",2025,5.4274,Moderate,367012.89046928886,6.5951,-0.1261,2.6344,3.7273,0.6773,-0.5363,0,336000
49020,"Winchester, VA-WV",2025,5.4268,Moderate,380819.1955961324,6.5951,-0.1261,2.6344,3.1909,0.4659,-1.0727,0,118000
43780,"South Bend-Mishawaka, IN-MI",2025,5.4252,Moderate,219745.1958541555,6.5951,-0.1261,2.6344,4.2182,-0.7068,-0.0454,0,477000
43220,"Shelton, WA",2025,5.4205,Moderate,443173.1863804264,6.5951,-0.1261,2.6344,5.2727,-0.344,1.0091,1,0
18020,"Columbus, IN",2025,5.4178,Moderate,266487.9687036511,6.5951,-0.1261,2.6344,3.5,-0.55,-0.7636,1,2228000
36820,"Oskaloosa, IA",2025,5.408,Moderate,185426.9232370218,6.5951,-0.1261,2.6344,2.9636,0.5636,-1.3,0,0
13260,"Bedford, IN",2025,5.4069,Moderate,199976.31121353267,6.5951,-0.1261,2.6344,3.6636,-0.8697,-0.6,1,807000
38740,"Poplar Bluff, MO",2025,5.4032,Moderate,156667.83580884108,6.5951,-0.1261,2.6344,5.3,0.45,1.0364,1,16518000
28900,"Klamath Falls, OR",2025,5.394,Moderate,304791.0413559453,6.5951,-0.1261,2.6344,7.1636,1.2636,2.9,0,20000
16300,"Cedar Rapids, IA",2025,5.3939,Moderate,243165.94820899997,6.5951,-0.1261,2.6344,3.9364,0.5781,-0.3272,0,0
38240,"Pinehurst-Southern Pines, NC",2025,5.3881,Moderate,413613.0791397758,6.5951,-0.1261,2.6344,3.5,0.1,-0.7636,1,5202000
13740,"Billings, MT",2025,5.384,Moderate,400519.5686445984,6.5951,-0.1261,2.6344,2.9909,0.1992,-1.2727,1,0
25580,"Hastings, NE",2025,5.3816,Moderate,206360.4752533383,6.5951,-0.1261,2.6344,2.9091,0.3341,-1.3545,1,4350000
34980,"Nashville-Davidson--Murfreesboro--Franklin, TN",2025,5.3778,Moderate,454597.1041715435,6.5951,-0.1261,2.6344,3.0,0.1417,-1.2636,1,4291000
31140,"Louisville/Jefferson County, KY-IN",2025,5.3754,Moderate,276703.1719450541,6.5951,-0.1261,2.6344,4.3,-0.225,0.0364,1,31000
39500,"Quincy, IL-MO",2025,5.3734,Moderate,176010.6207613379,6.5951,-0.1261,2.6344,3.4727,-0.1856,-0.7909,0,215000
43060,"Shawnee, OK",2025,5.372,Moderate,186895.7035705753,6.5951,-0.1261,2.6344,3.7091,0.0924,-0.5545,0,200000
49420,"Yakima, WA",2025,5.371,Moderate,345622.4262497595,6.5951,-0.1261,2.6344,5.8636,-0.2697,1.6,1,0
12020,"Athens-Clarke County, GA",2025,5.3676,Moderate,370011.9710974301,6.5951,-0.1261,2.6344,3.2545,-0.0705,-1.0091,0,51000
18460,"Cornelia, GA",2025,5.3649,Moderate,313240.3918623833,6.5951,-0.1261,2.6344,3.0,-0.1917,-1.2636,0,5000
30060,"Lebanon, MO",2025,5.3638,Moderate,226746.8973266481,6.5951,-0.1261,2.6344,5.0545,0.6212,0.7909,0,272000
26740,"Hutchinson, KS",2025,5.3632,Moderate,145663.0202790566,6.5951,-0.1261,2.6344,3.9818,0.2735,-0.2818,1,0
26820,"Idaho Falls, ID",2025,5.3556,Moderate,402336.8030210085,6.5951,-0.1261,2.6344,3.1364,-0.0053,-1.1272,0,29600
21660,"Eugene-Springfield, OR",2025,5.3494,Moderate,449070.5884832721,6.5951,-0.1261,2.6344,4.9727,0.7394,0.7091,1,37000
19580,"Defiance, OH",2025,5.3491,Moderate,176230.926345413,6.5951,-0.1261,2.6344,4.6,0.5833,0.3364,0,1500
33100,"Miami-Fort Lauderdale-West Palm Beach, FL",2025,5.3416,Moderate,558604.6795896825,6.5951,-0.1261,2.6344,3.3545,0.4878,-0.9091,0,215000
35440,"Newport, OR",2025,5.3368,Moderate,474954.1211420365,6.5951,-0.1261,2.6344,5.8364,0.8281,1.5728,1,0
10820,"Alexandria, MN",2025,5.336,Moderate,331284.2707529889,6.5951,-0.1261,2.6344,3.5091,0.7424,-0.7545,0,0
47940,"Waterloo-Cedar Falls, IA",2025,5.3293,Moderate,200462.7013736988,6.5951,-0.1261,2.6344,4.0273,0.5606,-0.2363,0,155000
27600,"Jefferson, GA",2025,5.3217,Moderate,400730.0618160108,6.5951,-0.1261,2.6344,2.9,-0.0333,-1.3636,0,19000
48940,"Wilmington, OH",2025,5.3195,Moderate,241810.40200847213,6.5951,-0.1261,2.6344,4.5818,0.4568,0.3182,0,187700
32780,"Medford, OR",2025,5.3186,Moderate,428991.8074499735,6.5951,-0.1261,2.6344,5.6364,0.7531,1.3728,0,150000
33300,"Milledgeville, GA",2025,5.3133,Moderate,225627.37200308315,6.5951,-0.1261,2.6344,3.8273,-0.056,-0.4363,0,7000
29620,"Lansing-East Lansing, MI",2025,5.3114,Moderate,235309.56965531968,6.5951,-0.1261,2.6344,5.0182,0.6265,0.7546,0,0
45900,"Traverse City, MI",2025,5.3057,Moderate,402458.2658463828,6.5951,-0.1261,2.6344,4.8636,0.5719,0.6,1,12000
34740,"Muskegon-Norton Shores, MI",2025,5.3037,Moderate,235910.6367832046,6.5951,-0.1261,2.6344,6.0727,0.956,1.8091,0,0
34500,"Mount Vernon, IL",2025,5.3025,Moderate,135720.57620358557,6.5951,-0.1261,2.6344,4.7273,-0.0144,0.4637,0,0
32700,"McPherson, KS",2025,5.3024,Moderate,216250.95086322873,6.5951,-0.1261,2.6344,3.0636,0.1886,-1.2,0,0
21020,"Elizabeth City, NC",2025,5.3011,Moderate,261818.99721243713,6.5951,-0.1261,2.6344,3.9091,0.1258,-0.3545,0,10000
43940,"Spearfish, SD",2025,5.2893,Moderate,438016.9217278331,6.5951,-0.1261,2.6344,1.8364,0.1197,-2.4272,0,0
27100,"Jackson, MI",2025,5.2887,Moderate,214283.1053996397,6.5951,-0.1261,2.6344,5.6455,0.8122,1.3819,0,0
44660,"Stillwater, OK",2025,5.2861,Moderate,233443.3081752855,6.5951,-0.1261,2.6344,3.2545,0.0795,-1.0091,1,0
47580,"Warner Robins, GA",2025,5.2841,Moderate,247652.58513273767,6.5951,-0.1261,2.6344,3.1909,0.0242,-1.0727,0,2000
16060,"Carbondale, IL",2025,5.272,Moderate,145906.5948172031,6.5951,-0.1261,2.6344,4.5545,-0.2288,0.2909,0,365100
29200,"Lafayette-West Lafayette, IN",2025,5.2683,Moderate,275175.90024060925,6.5951,-0.1261,2.6344,3.4182,-0.3401,-0.8454,1,186000
10540,"Albany, OR",2025,5.2633,Moderate,403634.1325805878,6.5951,-0.1261,2.6344,5.4091,0.7758,1.1455,1,0
33220,"Midland, MI",2025,5.2615,Moderate,225704.75096321097,6.5951,-0.1261,2.6344,5.2182,0.7682,0.9546,0,0
40380,"Rochester, NY",2025,5.2611,Moderate,263417.99096448434,6.5951,-0.1261,2.6344,3.7182,0.0849,-0.5454,0,144500
17020,"Chico, CA",2025,5.259,Moderate,399726.8832013866,6.5951,-0.1261,2.6344,6.0727,0.1477,1.8091,0,35000
46180,"Tupelo, MS",2025,5.2586,Moderate,178446.7402341928,6.5951,-0.1261,2.6344,3.5364,0.6947,-0.7272,1,845000
44140,"Springfield, MA",2025,5.2577,Moderate,361443.22693717823,6.5951,-0.1261,2.6344,5.8273,0.7606,1.5637,0,33900
36830,"Othello, WA",2025,5.2567,Moderate,304805.16177400644,6.5951,-0.1261,2.6344,5.6455,0.6122,1.3819,0,0
28020,"Kalamazoo-Portage, MI",2025,5.2567,Moderate,261136.49239153927,6.5951,-0.1261,2.6344,4.9,0.75,0.6364,0,0
42420,"Scottsbluff, NE",2025,5.2547,Moderate,189253.77314690643,6.5951,-0.1261,2.6344,3.5182,0.2182,-0.7454,0,55000
23140,"Frankfort, IN",2025,5.2534,Moderate,213255.01152975028,6.5951,-0.1261,2.6344,3.1818,-0.3265,-1.0818,0,65000
15820,"Campbellsville, KY",2025,5.253,Moderate,197551.94525342085,6.5951,-0.1261,2.6344,5.2545,-0.1455,0.9909,1,0
42540,"Scranton--Wilkes-Barre, PA",2025,5.2481,Moderate,219165.5051326827,6.5951,-0.1261,2.6344,4.7455,0.5038,0.4819,0,1270000
16020,"Cape Girardeau, MO-IL",2025,5.2461,Moderate,222738.6701018723,6.5951,-0.1261,2.6344,3.7455,0.2788,-0.5181,1,3546000
28420,"Kennewick-Richland, WA",2025,5.2421,Moderate,434239.486858631,6.5951,-0.1261,2.6344,4.8455,-0.1462,0.5819,0,0
44060,"Spokane-Spokane Valley, WA",2025,5.2361,Moderate,413021.57237249584,6.5951,-0.1261,2.6344,4.4545,-0.1538,0.1909,0,26000
15580,"Butte-Silver Bow, MT",2025,5.2343,Moderate,273073.9226279334,6.5951,-0.1261,2.6344,3.3545,-0.0205,-0.9091,0,0
42980,"Seymour, IN",2025,5.2231,Moderate,223614.5565723016,6.5951,-0.1261,2.6344,3.1727,-0.294,-1.0909,0,143000
37140,"Paducah, KY-IL",2025,5.22,Moderate,169445.21188590236,6.5951,-0.1261,2.6344,4.8273,-0.2477,0.5637,1,1632000
18420,"Corinth, MS",2025,5.2157,Moderate,162912.66555035813,6.5951,-0.1261,2.6344,3.5909,0.7159,-0.6727,0,975000
17740,"Coldwater, MI",2025,5.2069,Moderate,192776.01694533217,6.5951,-0.1261,2.6344,4.7818,0.6401,0.5182,0,155000
13660,"Big Rapids, MI",2025,5.2007,Moderate,210689.92324074372,6.5951,-0.1261,2.6344,7.0273,0.9356,2.7637,0,0
33700,"Modesto, CA",2025,5.1986,Moderate,463410.4247981722,6.5951,-0.1261,2.6344,7.0727,0.1894,2.8091,0,20000
31020,"Longview-Kelso, WA",2025,5.1857,Moderate,413861.8851154656,6.5951,-0.1261,2.6344,5.2273,-0.0394,0.9637,1,0
45580,"Thomaston, GA",2025,5.1805,Moderate,180187.9986058021,6.5951,-0.1261,2.6344,3.5182,-0.0651,-0.7454,0,34000
29340,"Lake Charles, LA",2025,5.1752,Moderate,195295.860791513,6.5951,-0.1261,2.6344,4.6,0.075,0.3364,0,354000
32260,"Marshalltown, IA",2025,5.1673,Moderate,182037.99606398688,6.5951,-0.1261,2.6344,6.5,0.7667,2.2364,0,0
32340,"Maryville, MO",2025,5.1645,Moderate,213979.35632772557,6.5951,-0.1261,2.6344,3.1182,0.2932,-1.1454,0,0
48900,"Wilmington, NC",2025,5.1534,Moderate,439417.14121502446,6.5951,-0.1261,2.6344,3.7636,0.2469,-0.5,0,150000
18140,"Columbus, OH",2025,5.1528,Moderate,342955.2765181069,6.5951,-0.1261,2.6344,4.4364,0.4531,0.1728,0,832600
23420,"Fresno, CA",2025,5.1479,Moderate,409564.6393046498,6.5951,-0.1261,2.6344,8.3364,0.4447,4.0728,0,5000
25840,"Hermiston-Pendleton, OR",2025,5.1457,Moderate,302457.25373538595,6.5951,-0.1261,2.6344,5.3818,0.9735,1.1182,0,0
40540,"Rock Springs, WY",2025,5.1422,Moderate,287367.464166666,6.5951,-0.1261,2.6344,3.8818,0.3818,-0.3818,0,0
48820,"Willmar, MN",2025,5.1389,Moderate,273715.1126270899,6.5951,-0.1261,2.6344,4.0909,0.9909,-0.1727,0,0
24540,"Greeley, CO",2025,5.1364,Moderate,497249.6852112435,6.5951,-0.1261,2.6344,4.6273,0.1273,0.3637,0,0
43320,"Show Low, AZ",2025,5.1338,Moderate,391671.363454534,6.5951,-0.1261,2.6344,6.0727,0.6227,1.8091,0,0
38500,"Plymouth, IN",2025,5.1311,Moderate,244686.9251253383,6.5951,-0.1261,2.6344,3.4636,-0.7781,-0.8,1,849000
35660,"Niles, MI",2025,5.1253,Moderate,257608.5538894364,6.5951,-0.1261,2.6344,5.6545,0.6045,1.3909,0,87000
41180,"St. Louis, MO-IL",2025,5.1245,Moderate,269170.2987885879,6.5951,-0.1261,2.6344,3.9727,0.281,-0.2909,1,1618394000
16220,"Casper, WY",2025,5.1214,Moderate,303803.6099981871,6.5951,-0.1261,2.6344,3.4273,0.1523,-0.8363,0,0
46460,"Union City, TN",2025,5.1183,Moderate,153411.97912077687,6.5951,-0.1261,2.6344,3.7273,0.0023,-0.5363,1,7620000
35460,"Newport, TN",2025,5.1114,Moderate,234080.55037044993,6.5951,-0.1261,2.6344,5.0364,0.3614,0.7728,0,500000
14020,"Bloomington, IN",2025,5.1034,Moderate,300316.6623085919,6.5951,-0.1261,2.6344,3.3909,-0.4508,-0.8727,1,1763000
13420,"Bemidji, MN",2025,5.077,Moderate,253141.8252456352,6.5951,-0.1261,2.6344,4.8636,0.9219,0.6,0,15000000
16700,"Charleston-North Charleston, SC",2025,5.0751,Moderate,428876.4595438894,6.5951,-0.1261,2.6344,3.7636,0.2553,-0.5,0,131750
10740,"Albuquerque, NM",2025,5.0719,Moderate,343657.59444931714,6.5951,-0.1261,2.6344,4.0545,0.2045,-0.2091,0,195500
26540,"Huntington, IN",2025,5.0665,Moderate,201220.4319500921,6.5951,-0.1261,2.6344,3.2818,-0.5599,-0.9818,0,79000
34300,"Mountain Home, ID",2025,5.0653,Moderate,346922.58042572666,6.5951,-0.1261,2.6344,4.1909,0.0326,-0.0727,0,0
47300,"Visalia, CA",2025,5.0635,Moderate,355847.6614779912,6.5951,-0.1261,2.6344,10.5818,0.2235,6.3182,0,0
35220,"New Castle, IN",2025,5.0506,Moderate,182193.81122871305,6.5951,-0.1261,2.6344,3.7364,-0.4386,-0.5272,0,52000
27460,"Jamestown-Dunkirk, NY",2025,5.0505,Moderate,163735.22603035308,6.5951,-0.1261,2.6344,4.3455,0.2205,0.0819,0,17500
10660,"Albert Lea, MN",2025,5.0485,Moderate,185245.85380365312,6.5951,-0.1261,2.6344,3.6909,0.8242,-0.5727,0,0
30420,"Lexington, NE",2025,5.0467,Moderate,205367.3049343649,6.5951,-0.1261,2.6344,2.9455,0.2122,-1.3181,0,0
28940,"Knoxville, TN",2025,5.0435,Moderate,355352.4967850864,6.5951,-0.1261,2.6344,3.2182,0.0432,-1.0454,0,902000
16540,"Chambersburg, PA",2025,5.0431,Moderate,280621.7608836172,6.5951,-0.1261,2.6344,3.6273,0.5273,-0.6363,0,62000
23060,"Fort Wayne, IN",2025,5.0344,Moderate,247545.3153704611,6.5951,-0.1261,2.6344,3.3727,-0.5273,-0.8909,0,109000
42900,"Seneca Falls, NY",2025,5.0338,Moderate,207811.95730797108,6.5951,-0.1261,2.6344,3.7545,0.1045,-0.5091,0,49000
44700,"Stockton-Lodi, CA",2025,5.0331,Moderate,534364.5723152591,6.5951,-0.1261,2.6344,6.6727,0.2227,2.4091,0,0
41660,"San Angelo, TX",2025,5.0253,Moderate,239399.13693366712,6.5951,-0.1261,2.6344,3.2,-0.0333,-1.0636,1,0
15660,"Calhoun, GA",2025,5.024,Moderate,272102.12214589416,6.5951,-0.1261,2.6344,3.2909,-0.1341,-0.9727,0,0
34620,"Muncie, IN",2025,5.0222,Moderate,159487.96723813374,6.5951,-0.1261,2.6344,4.0636,-0.6531,-0.2,0,433000
43620,"Sioux Falls, SD-MN",2025,5.0214,Moderate,333286.46354404045,6.5951,-0.1261,2.6344,1.9364,0.2531,-2.3272,0,0
47700,"Warsaw, IN",2025,5.0137,Moderate,269496.7634367898,6.5951,-0.1261,2.6344,3.5455,-0.9378,-0.7181,0,269000
41540,"Salisbury, MD",2025,5.0108,Moderate,410814.0082057814,6.5951,-0.1261,2.6344,3.9455,0.5288,-0.3181,0,39000
23240,"Fredericksburg, TX",2025,4.9978,Moderate,498350.7050965905,6.5951,-0.1261,2.6344,3.1273,0.1023,-1.1363,0,5000
31980,"Marion, IN",2025,4.9865,Moderate,143342.68049265372,6.5951,-0.1261,2.6344,4.1636,-0.5947,-0.1,0,52000
38460,"Plattsburgh, NY",2025,4.9842,Moderate,212657.72977784695,6.5951,-0.1261,2.6344,4.0,0.2583,-0.2636,0,77000
10980,"Alpena, MI",2025,4.9825,Moderate,180105.45259783106,6.5951,-0.1261,2.6344,5.8364,0.5281,1.5728,1,0
11500,"Anniston-Oxford, AL",2025,4.9746,Moderate,166234.98889240748,6.5951,-0.1261,2.6344,3.2273,-0.006,-1.0363,0,1000
19780,"Des Moines-West Des Moines, IA",2025,4.9735,Moderate,295024.08254375996,6.5951,-0.1261,2.6344,3.6273,0.644,-0.6363,0,375200
43900,"Spartanburg, SC",2025,4.972,Moderate,272713.11505820864,6.5951,-0.1261,2.6344,4.5455,0.2872,0.2819,0,15000
29780,"Las Vegas, NM",2025,4.9715,Moderate,235740.45201570095,6.5951,-0.1261,2.6344,4.7545,-0.2122,0.4909,0,51000
12980,"Battle Creek, MI",2025,4.9564,Moderate,176773.2068337756,6.5951,-0.1261,2.6344,6.0455,0.8372,1.7819,0,0
44780,"Sturgis, MI",2025,4.952,Moderate,202762.30682956157,6.5951,-0.1261,2.6344,5.4455,0.5038,1.1819,0,175000
36540,"Omaha, NE-IA",2025,4.9506,Moderate,298911.80290057114,6.5951,-0.1261,2.6344,3.2545,0.2878,-1.0091,1,7927000
23460,"Gadsden, AL",2025,4.9497,Moderate,177650.93636437613,6.5951,-0.1261,2.6344,3.1,-0.175,-1.1636,0,0
11940,"Athens, TN",2025,4.9478,Moderate,247686.60162964693,6.5951,-0.1261,2.6344,4.6,0.125,0.3364,0,17000
22900,"Fort Smith, AR-OK",2025,4.9393,Moderate,196596.0745187331,6.5951,-0.1261,2.6344,3.9182,0.4182,-0.3454,0,2506000
24980,"Grenada, MS",2025,4.9299,Moderate,129397.6435642888,6.5951,-0.1261,2.6344,4.3455,0.9288,0.0819,1,78000
35100,"New Bern, NC",2025,4.9274,Moderate,253687.000253327,6.5951,-0.1261,2.6344,3.8455,0.2122,-0.4181,0,0
27020,"Iron Mountain, MI-WI",2025,4.9231,Moderate,173841.16734716107,6.5951,-0.1261,2.6344,5.0727,0.1727,0.8091,0,0
30340,"Lewiston-Auburn, ME",2025,4.9199,Moderate,314802.6434806963,6.5951,-0.1261,2.6344,3.4455,0.2538,-0.8181,0,0
33500,"Minot, ND",2025,4.9197,Moderate,263913.2511238049,6.5951,-0.1261,2.6344,2.6636,0.2136,-1.6,0,637000
42860,"Seneca, SC",2025,4.9123,Moderate,279001.9989737277,6.5951,-0.1261,2.6344,4.2909,0.3409,0.0273,0,0
13980,"Blacksburg-Christiansburg-Radford, VA",2025,4.9122,Moderate,278242.64964534814,6.5951,-0.1261,2.6344,4.2364,1.1531,-0.0272,1,251500
43580,"Sioux City, IA-NE-SD",2025,4.9068,Moderate,214151.11191465883,6.5951,-0.1261,2.6344,3.4545,0.5545,-0.8091,1,0
48540,"Wheeling, WV-OH",2025,4.906,Moderate,131822.70508488154,6.5951,-0.1261,2.6344,4.9,0.1333,0.6364,1,2666000
18820,"Crawfordsville, IN",2025,4.899,Moderate,214046.2156795252,6.5951,-0.1261,2.6344,3.0545,-0.3622,-1.2091,1,27000
19220,"Danville, KY",2025,4.8744,Moderate,207292.2084174545,6.5951,-0.1261,2.6344,5.3364,-0.1219,1.0728,1,0
30020,"Lawton, OK",2025,4.871,Moderate,149145.02831331603,6.5951,-0.1261,2.6344,3.7182,0.1099,-0.5454,0,445000
17540,"Clinton, IA",2025,4.8643,Moderate,167094.09029269085,6.5951,-0.1261,2.6344,4.6818,0.7901,0.4182,0,0
18260,"Cookeville, TN",2025,4.8524,Moderate,283880.90637839347,6.5951,-0.1261,2.6344,3.7636,0.2136,-0.5,0,3615000
46140,"Tulsa, OK",2025,4.8309,Moderate,246552.9424406654,6.5951,-0.1261,2.6344,3.2909,-0.0091,-0.9727,1,2669000
45780,"Toledo, OH",2025,4.8306,Moderate,189459.61643208915,6.5951,-0.1261,2.6344,5.7273,0.2523,1.4637,0,126000
43180,"Shelbyville, TN",2025,4.8271,Moderate,324580.7490369027,6.5951,-0.1261,2.6344,3.3273,0.269,-0.9363,0,751000
17820,"Colorado Springs, CO",2025,4.8211,Moderate,460651.32947201416,6.5951,-0.1261,2.6344,4.3091,0.0341,0.0455,0,0
26900,"Indianapolis-Carmel-Greenwood, IN",2025,4.8199,Moderate,289888.47724730097,6.5951,-0.1261,2.6344,3.3545,-0.4955,-0.9091,1,8266000
49180,"Winston-Salem, NC",2025,4.8172,Moderate,276206.97784011107,6.5951,-0.1261,2.6344,3.8,0.1583,-0.4636,0,400000
42780,"Selinsgrove, PA",2025,4.792,Moderate,224963.19285918633,6.5951,-0.1261,2.6344,3.8727,0.406,-0.3909,0,37000
29820,"Las Vegas-Henderson-North Las Vegas, NV",2025,4.78,Moderate,448035.7733945737,6.5951,-0.1261,2.6344,5.6364,-0.1636,1.3728,0,1216000
21120,"Elk City, OK",2025,4.775,Moderate,143918.73565865355,6.5951,-0.1261,2.6344,3.2091,0.0258,-1.0545,0,25000
24020,"Glens Falls, NY",2025,4.7748,Moderate,293104.5503662567,6.5951,-0.1261,2.6344,3.6455,0.1038,-0.6181,0,0
25980,"Hinesville, GA",2025,4.7706,Moderate,255612.58562951148,6.5951,-0.1261,2.6344,4.0182,0.0265,-0.2454,0,0
34180,"Moses Lake, WA",2025,4.77,Moderate,356307.0164965073,6.5951,-0.1261,2.6344,6.5273,0.869,2.2637,0,0
24860,"Greenville-Anderson-Greer, SC",2025,4.7697,Moderate,305079.3723330432,6.5951,-0.1261,2.6344,4.0909,0.2826,-0.1727,0,27000
40620,"Rolla, MO",2025,4.7614,Moderate,220274.5257514268,6.5951,-0.1261,2.6344,4.0455,0.3455,-0.2181,1,2528000
34100,"Morristown, TN",2025,4.7521,Moderate,287439.94714307395,6.5951,-0.1261,2.6344,3.6818,0.1901,-0.5818,0,7000
13780,"Binghamton, NY",2025,4.7503,Moderate,184625.29468550612,6.5951,-0.1261,2.6344,4.0636,0.1636,-0.2,0,25320000
26340,"Houghton, MI",2025,4.7487,Moderate,177416.95437720817,6.5951,-0.1261,2.6344,5.9727,0.5227,1.7091,0,5726000
40700,"Roseburg, OR",2025,4.7405,Moderate,337298.3229816636,6.5951,-0.1261,2.6344,6.1273,0.8023,1.8637,1,0
45660,"Tiffin, OH",2025,4.7404,Moderate,163683.94746979148,6.5951,-0.1261,2.6344,5.1727,0.7477,0.9091,0,0
24100,"Gloversville, NY",2025,4.7399,Moderate,202424.0431688916,6.5951,-0.1261,2.6344,4.1,0.1167,-0.1636,0,0
20500,"Durham-Chapel Hill, NC",2025,4.7396,Moderate,410410.7635408068,6.5951,-0.1261,2.6344,3.3636,0.1636,-0.9,1,33439000
37580,"Paris, TX",2025,4.7376,Moderate,195272.8135760833,6.5951,-0.1261,2.6344,4.2455,0.1455,-0.0181,0,1793000
44260,"Starkville, MS",2025,4.7311,Moderate,242067.2708228843,6.5951,-0.1261,2.6344,4.0818,0.7485,-0.1818,0,2967200
12860,"Batavia, NY",2025,4.7215,Moderate,209690.5279989044,6.5951,-0.1261,2.6344,3.3909,-0.0174,-0.8727,0,4000
22140,"Farmington, NM",2025,4.7158,Moderate,258540.94564717903,6.5951,-0.1261,2.6344,4.7909,0.1326,0.5273,0,10000
47980,"Watertown, SD",2025,4.7143,Moderate,321588.9503077631,6.5951,-0.1261,2.6344,1.8636,0.2053,-2.4,0,100000
31340,"Lynchburg, VA",2025,4.7112,Moderate,279206.7673304566,6.5951,-0.1261,2.6344,3.8091,0.5758,-0.4545,1,141000
40860,"Rutland, VT",2025,4.7086,Moderate,293144.4037056822,6.5951,-0.1261,2.6344,2.9455,0.2372,-1.3181,0,0
49740,"Yuma, AZ",2025,4.7054,Moderate,282775.3586819674,6.5951,-0.1261,2.6344,13.5455,1.3872,9.2819,0,103000
44340,"Statesboro, GA",2025,4.7035,Moderate,282679.9458576276,6.5951,-0.1261,2.6344,3.6364,0.0614,-0.6272,0,15000
44020,"Spirit Lake, IA",2025,4.6981,Moderate,362434.9854856561,6.5951,-0.1261,2.6344,3.4455,0.3538,-0.8181,0,0
45140,"Tahlequah, OK",2025,4.6971,Moderate,198928.72115296056,6.5951,-0.1261,2.6344,3.3909,-0.0258,-0.8727,0,245000
21060,"Elizabethtown, KY",2025,4.6957,Moderate,247072.8182935961,6.5951,-0.1261,2.6344,5.1091,-0.0659,0.8455,1,21000
35900,"North Wilkesboro, NC",2025,4.6902,Moderate,215845.11069176413,6.5951,-0.1261,2.6344,3.9364,0.1864,-0.3272,0,214000
22300,"Findlay, OH",2025,4.6899,Moderate,226149.8341922029,6.5951,-0.1261,2.6344,4.5364,0.5864,0.2728,0,1204500
44540,"Sterling, CO",2025,4.6882,Moderate,248153.13021013976,6.5951,-0.1261,2.6344,3.6545,0.0212,-0.6091,0,0
12620,"Bangor, ME",2025,4.6829,Moderate,265092.5437684501,6.5951,-0.1261,2.6344,3.5727,0.231,-0.6909,0,0
42380,"Sayre, PA",2025,4.6812,Moderate,191841.7759877841,6.5951,-0.1261,2.6344,4.0364,0.3281,-0.2272,0,78500
47220,"Vineland, NJ",2025,4.6767,Moderate,269088.29515447986,6.5951,-0.1261,2.6344,7.6909,0.6409,3.4273,0,2000
29700,"Laredo, TX",2025,4.6693,Moderate,213129.1472853676,6.5951,-0.1261,2.6344,4.5727,0.3894,0.3091,0,0
19060,"Cumberland, MD-WV",2025,4.6533,Moderate,159195.85528673095,6.5951,-0.1261,2.6344,4.8273,0.5856,0.5637,0,621000
16740,"Charlotte-Concord-Gastonia, NC-SC",2025,4.6466,Moderate,386265.1557405467,6.5951,-0.1261,2.6344,3.8182,0.1849,-0.4454,0,1699000
49700,"Yuba City, CA",2025,4.6326,Moderate,426132.8965594137,6.5951,-0.1261,2.6344,7.9727,0.156,3.7091,0,0
30580,"Liberal, KS",2025,4.6323,Moderate,142139.59234604906,6.5951,-0.1261,2.6344,3.1909,0.1409,-1.0727,0,0
12540,"Bakersfield-Delano, CA",2025,4.6298,Moderate,360402.0078546962,6.5951,-0.1261,2.6344,8.8636,0.2219,4.6,0,0
38540,"Pocatello, ID",2025,4.6246,Moderate,342374.29076318844,6.5951,-0.1261,2.6344,4.0364,0.0531,-0.2272,0,68500
20580,"Eagle Pass, TX",2025,4.6187,Moderate,223570.44392844013,6.5951,-0.1261,2.6344,9.3636,1.5053,5.1,0,10000
24780,"Greenville, NC",2025,4.6168,Moderate,254398.43394890695,6.5951,-0.1261,2.6344,4.0273,-0.006,-0.2363,0,0
21420,"Enid, OK",2025,4.6125,Moderate,135967.48304798894,6.5951,-0.1261,2.6344,3.1364,-0.1219,-1.1272,0,152000
33860,"Montgomery, AL",2025,4.6124,Moderate,206120.97923848144,6.5951,-0.1261,2.6344,2.9455,-0.1462,-1.3181,0,0
46660,"Valdosta, GA",2025,4.611,Moderate,218014.23887616364,6.5951,-0.1261,2.6344,3.9545,0.0462,-0.3091,0,15100
24620,"Greeneville, TN",2025,4.587,Moderate,240286.1360883354,6.5951,-0.1261,2.6344,4.7818,0.1901,0.5182,0,10000
46380,"Ukiah, CA",2025,4.5752,Moderate,494029.2840575596,6.5951,-0.1261,2.6344,5.8182,0.2932,1.5546,0,11600
12740,"Barre, VT",2025,4.5745,Moderate,381775.88627669687,6.5951,-0.1261,2.6344,2.6364,0.3364,-1.6272,0,27000
43420,"Sierra Vista-Douglas, AZ",2025,4.5724,Moderate,259271.89957401625,6.5951,-0.1261,2.6344,5.0273,0.769,0.7637,0,97500
27140,"Jackson, MS",2025,4.5521,Moderate,205457.04579318495,6.5951,-0.1261,2.6344,3.5273,0.694,-0.7363,0,1763500
44180,"Springfield, MO",2025,4.5434,Moderate,262648.12774965446,6.5951,-0.1261,2.6344,3.7182,0.3682,-0.5454,1,14317000
14540,"Bowling Green, KY",2025,4.5411,Moderate,260718.4852333803,6.5951,-0.1261,2.6344,4.5364,-0.2219,0.2728,1,20000
14780,"Brenham, TX",2025,4.5319,Moderate,360858.47790445393,6.5951,-0.1261,2.6344,3.8455,0.0955,-0.4181,0,0
23980,"Glasgow, KY",2025,4.5291,Moderate,202310.25699702615,6.5951,-0.1261,2.6344,5.1,-0.45,0.8364,1,0
29420,"Lake Havasu City-Kingman, AZ",2025,4.5244,Moderate,350405.6030665803,6.5951,-0.1261,2.6344,5.0273,0.6106,0.7637,0,1848000
41780,"Sandusky, OH",2025,4.5137,Moderate,219409.19563838327,6.5951,-0.1261,2.6344,5.8636,0.6053,1.6,0,134000
24420,"Grants Pass, OR",2025,4.5137,Moderate,383515.375938298,6.5951,-0.1261,2.6344,6.9636,1.1969,2.7,1,0
30780,"Little Rock-North Little Rock-Conway, AR",2025,4.4968,Moderate,224610.34056695728,6.5951,-0.1261,2.6344,3.7364,0.5114,-0.5272,1,11000
17780,"College Station-Bryan, TX",2025,4.4966,Moderate,307458.3430096448,6.5951,-0.1261,2.6344,3.5182,0.0682,-0.7454,0,70000
34460,"Mount Sterling, KY",2025,4.4942,Moderate,188301.61494803397,6.5951,-0.1261,2.6344,5.7364,-0.4136,1.4728,1,6750
11900,"Athens, OH",2025,4.4907,Moderate,178403.68618480352,6.5951,-0.1261,2.6344,5.8636,0.6053,1.6,0,46000
17060,"Chillicothe, OH",2025,4.4781,Moderate,192447.09424815033,6.5951,-0.1261,2.6344,5.8091,1.2424,1.5455,0,120000
17980,"Columbus, GA-AL",2025,4.4769,Moderate,202651.91558202673,6.5951,-0.1261,2.6344,4.0273,0.019,-0.2363,0,39000
19140,"Dalton, GA",2025,4.4765,Moderate,244957.77104426632,6.5951,-0.1261,2.6344,3.8636,-0.1447,-0.4,0,48000
36980,"Owensboro, KY",2025,4.4735,Moderate,203780.5289071511,6.5951,-0.1261,2.6344,4.5182,-0.4985,0.2546,1,2575000
48260,"Weirton-Steubenville, WV-OH",2025,4.4719,Moderate,123522.0429425988,6.5951,-0.1261,2.6344,5.6727,-0.0106,1.4091,0,67500
39580,"Raleigh-Cary, NC",2025,4.4708,Moderate,436867.2855007891,6.5951,-0.1261,2.6344,3.2,0.075,-1.0636,0,361000
38060,"Phoenix-Mesa-Chandler, AZ",2025,4.467,Moderate,454853.3814152247,6.5951,-0.1261,2.6344,3.7455,0.5538,-0.5181,0,5054100
26620,"Huntsville, AL",2025,4.4633,Moderate,311533.94477289653,6.5951,-0.1261,2.6344,2.4636,-0.1114,-1.8,0,1439500
17420,"Cleveland, TN",2025,4.4481,Moderate,301148.5912381056,6.5951,-0.1261,2.6344,3.8364,0.1197,-0.4272,0,50000
19300,"Daphne-Fairhope-Foley, AL",2025,4.4403,Moderate,344959.56269853486,6.5951,-0.1261,2.6344,2.6364,-0.0969,-1.6272,0,0
32900,"Merced, CA",2025,4.4285,Moderate,413508.3630088496,6.5951,-0.1261,2.6344,10.1,0.3,5.8364,0,0
10620,"Albemarle, NC",2025,4.4273,Moderate,296574.45122124354,6.5951,-0.1261,2.6344,3.0636,-0.0031,-1.2,0,41000
47920,"Washington Court House, OH",2025,4.4235,Moderate,230725.76547669285,6.5951,-0.1261,2.6344,5.2364,0.7531,0.9728,0,376500
15060,"Brookings, OR",2025,4.4184,Moderate,447611.2127080767,6.5951,-0.1261,2.6344,6.4727,0.6727,2.2091,1,0
26500,"Huntingdon, PA",2025,4.4123,Moderate,183750.4405513952,6.5951,-0.1261,2.6344,4.7545,0.2795,0.4909,0,159500
15500,"Burlington, NC",2025,4.4105,Moderate,289967.20021267695,6.5951,-0.1261,2.6344,3.7364,0.1614,-0.5272,1,123000
23780,"Garden City, KS",2025,4.4052,Moderate,227074.03553411356,6.5951,-0.1261,2.6344,2.9091,0.0924,-1.3545,0,0
47820,"Washington, NC",2025,4.3966,Moderate,227800.6107762861,6.5951,-0.1261,2.6344,3.6,-0.1417,-0.6636,0,0
41820,"Sanford, NC",2025,4.395,Moderate,286273.7670392056,6.5951,-0.1261,2.6344,3.6364,0.0864,-0.6272,0,2102000
34380,"Mount Pleasant, MI",2025,4.3925,Moderate,211511.79140348348,6.5951,-0.1261,2.6344,5.8909,0.6992,1.6273,0,0
15700,"Cambridge, MD",2025,4.3862,Moderate,266560.92800780415,6.5951,-0.1261,2.6344,3.9909,0.4409,-0.2727,0,71000
13060,"Bay City, TX",2025,4.3848,Moderate,198785.5258176057,6.5951,-0.1261,2.6344,5.8818,0.2068,1.6182,0,10000
10180,"Abilene, TX",2025,4.3831,Moderate,200713.90992546073,6.5951,-0.1261,2.6344,3.4727,0.0227,-0.7909,0,0
12180,"Auburn, NY",2025,4.3785,Moderate,217043.38739047668,6.5951,-0.1261,2.6344,3.7273,0.019,-0.5363,0,131000
15620,"Cadillac, MI",2025,4.3626,Moderate,215162.9997295742,6.5951,-0.1261,2.6344,6.2636,0.6969,2.0,0,0
39780,"Red Bluff, CA",2025,4.3594,Moderate,309504.16615230165,6.5951,-0.1261,2.6344,6.4909,0.2742,2.2273,0,0
40180,"Riverton, WY",2025,4.3575,Moderate,309862.48573105095,6.5951,-0.1261,2.6344,4.0727,0.1644,-0.1909,0,20000
41460,"Salina, KS",2025,4.3573,Moderate,171000.68218889635,6.5951,-0.1261,2.6344,3.3545,-0.0038,-0.9091,1,4790000
48680,"Wildwood-The Villages, FL",2025,4.3475,Moderate,388183.55920338974,6.5951,-0.1261,2.6344,7.0818,1.1735,2.8182,0,35000
20020,"Dothan, AL",2025,4.3463,Moderate,187918.9526224943,6.5951,-0.1261,2.6344,2.9091,-0.1909,-1.3545,0,659000
27860,"Jonesboro, AR",2025,4.3403,Moderate,196635.3550321659,6.5951,-0.1261,2.6344,3.7909,0.6076,-0.4727,1,5283000
25620,"Hattiesburg, MS",2025,4.34,Moderate,209892.46054742773,6.5951,-0.1261,2.6344,3.6091,0.6591,-0.6545,0,3129700
39060,"Pottsville, PA",2025,4.3287,Moderate,154164.64935805873,6.5951,-0.1261,2.6344,4.6818,0.5735,0.4182,0,62000
22500,"Florence, SC",2025,4.3215,Moderate,185374.24900582517,6.5951,-0.1261,2.6344,4.7818,0.2651,0.5182,0,12000
26580,"Huntington-Ashland, WV-KY-OH",2025,4.3205,Moderate,156895.05306127702,6.5951,-0.1261,2.6344,4.8818,-0.0932,0.6182,1,149050
20700,"East Stroudsburg, PA",2025,4.2887,Moderate,302917.47472344554,6.5951,-0.1261,2.6344,4.5818,0.3568,0.3182,0,0
40660,"Rome, GA",2025,4.2849,Moderate,227566.58027333225,6.5951,-0.1261,2.6344,3.5636,0.0386,-0.7,0,10000
24660,"Greensboro-High Point, NC",2025,4.2822,Moderate,263559.78475619946,6.5951,-0.1261,2.6344,4.1636,0.1469,-0.1,0,346000
27900,"Joplin, MO-KS",2025,4.2785,Moderate,218875.80129309077,6.5951,-0.1261,2.6344,3.8727,0.2977,-0.3909,1,1829500
45820,"Topeka, KS",2025,4.2694,Moderate,209649.0275116306,6.5951,-0.1261,2.6344,3.9273,0.1773,-0.3363,1,0
23700,"Gallup, NM",2025,4.2635,Moderate,217063.1742690336,6.5951,-0.1261,2.6344,5.6455,0.0788,1.3819,0,10000
23580,"Gainesville, GA",2025,4.2616,Moderate,387283.1638434631,6.5951,-0.1261,2.6344,2.8818,0.0318,-1.3818,0,66000
45460,"Terre Haute, IN",2025,4.2479,Moderate,158643.31662694336,6.5951,-0.1261,2.6344,3.8091,-0.5909,-0.4545,1,627000
39820,"Redding, CA",2025,4.2471,Moderate,367741.8847768759,6.5951,-0.1261,2.6344,5.5,0.175,1.2364,0,7000000
25860,"Hickory-Lenoir-Morganton, NC",2025,4.241,Moderate,260403.14456606525,6.5951,-0.1261,2.6344,3.7182,0.1682,-0.5454,0,115000
28700,"Kingsport-Bristol, TN-VA",2025,4.2339,Moderate,238543.8251206075,6.5951,-0.1261,2.6344,3.8091,0.2591,-0.4545,1,40000
21380,"Emporia, KS",2025,4.2273,Moderate,181572.59538773785,6.5951,-0.1261,2.6344,4.7545,1.3962,0.4909,1,20000
12300,"Augusta-Waterville, ME",2025,4.2229,Moderate,303540.3924271756,6.5951,-0.1261,2.6344,3.0455,0.0872,-1.2181,0,0
44500,"Stephenville, TX",2025,4.2209,Moderate,329568.1287969208,6.5951,-0.1261,2.6344,3.6545,0.1128,-0.6091,0,1130000
17900,"Columbia, SC",2025,4.2185,Moderate,250687.9071847078,6.5951,-0.1261,2.6344,4.2818,0.2485,0.0182,0,593000
45620,"Thomasville, GA",2025,4.2108,Moderate,217288.90255154777,6.5951,-0.1261,2.6344,3.3818,0.0651,-0.8818,0,502000
47180,"Vincennes, IN",2025,4.2088,Moderate,148556.0301551834,6.5951,-0.1261,2.6344,3.4909,-0.5758,-0.7727,0,337000
19980,"Dodge City, KS",2025,4.2015,Moderate,205840.61810778023,6.5951,-0.1261,2.6344,3.0273,0.219,-1.2363,0,7501000
34260,"Mountain Home, AR",2025,4.1984,Moderate,228462.87397740813,6.5951,-0.1261,2.6344,4.3273,0.294,0.0637,0,0
38300,"Pittsburgh, PA",2025,4.1926,Moderate,218909.466215838,6.5951,-0.1261,2.6344,4.0091,0.3841,-0.2545,0,2077300
26860,"Indiana, PA",2025,4.1798,Moderate,151864.4369404151,6.5951,-0.1261,2.6344,4.8,0.425,0.5364,0,306000
12260,"Augusta-Richmond County, GA-SC",2025,4.1769,Moderate,241471.5661678633,6.5951,-0.1261,2.6344,4.3091,-0.0659,0.0455,0,0
36420,"Oklahoma City, OK",2025,4.1753,Moderate,241236.74354687167,6.5951,-0.1261,2.6344,3.2,0.1167,-1.0636,1,1836000
11100,"Amarillo, TX",2025,4.1739,Moderate,210688.2238781818,6.5951,-0.1261,2.6344,3.1091,-0.0409,-1.1545,0,2194900
36380,"Okeechobee, FL",2025,4.1711,Moderate,289332.8145013459,6.5951,-0.1261,2.6344,4.7,0.825,0.4364,0,0
35380,"New Orleans-Metairie, LA",2025,4.1657,Moderate,255431.1980354689,6.5951,-0.1261,2.6344,4.4182,0.0265,0.1546,0,1143500
45340,"Taos, NM",2025,4.1608,Moderate,434214.2887552386,6.5951,-0.1261,2.6344,4.6,-0.0667,0.3364,0,50000
22100,"Farmington, MO",2025,4.1583,Moderate,184021.09906296144,6.5951,-0.1261,2.6344,4.7,0.3833,0.4364,0,115000
13820,"Birmingham, AL",2025,4.1577,Moderate,255801.48080256945,6.5951,-0.1261,2.6344,2.7545,-0.1205,-1.5091,0,500
37740,"Payson, AZ",2025,4.145,Moderate,380629.1397171824,6.5951,-0.1261,2.6344,4.2273,0.569,-0.0363,0,28247000
43740,"Somerset, PA",2025,4.1419,Moderate,160149.70577218384,6.5951,-0.1261,2.6344,4.4818,0.4401,0.2182,0,266000
20460,"Durant, OK",2025,4.127,Moderate,226191.65046293195,6.5951,-0.1261,2.6344,3.4818,0.3651,-0.7818,0,200000
34060,"Morgantown, WV",2025,4.1085,Moderate,213832.53372284933,6.5951,-0.1261,2.6344,3.4818,0.0735,-0.7818,0,341000
31220,"Ludington, MI",2025,4.0956,Moderate,244540.53067029544,6.5951,-0.1261,2.6344,6.7727,0.956,2.5091,0,0
16860,"Chattanooga, TN-GA",2025,4.0935,Moderate,313874.9632797404,6.5951,-0.1261,2.6344,3.3636,0.1803,-0.9,0,2662000
18900,"Crossville, TN",2025,4.0722,Moderate,302800.4214884021,6.5951,-0.1261,2.6344,4.4636,-0.1114,0.2,0,250000
26660,"Huntsville, TX",2025,4.07,Moderate,268469.63392558723,6.5951,-0.1261,2.6344,4.1818,0.0401,-0.0818,0,0
36460,"Olean, NY",2025,4.0561,Moderate,152718.57666446967,6.5951,-0.1261,2.6344,4.2364,0.1447,-0.0272,0,19000
11700,"Asheville, NC",2025,4.0555,Moderate,423879.03851148946,6.5951,-0.1261,2.6344,4.3091,0.3591,0.0455,0,0
18860,"Crescent City, CA",2025,4.0545,Moderate,357099.7602578478,6.5951,-0.1261,2.6344,6.4091,0.1674,2.1455,0,400
21340,"El Paso, TX",2025,4.035,Moderate,226645.68713804233,6.5951,-0.1261,2.6344,4.3545,0.1878,0.0909,0,20000
34220,"Moultrie, GA",2025,4.024,Moderate,160016.78547052128,6.5951,-0.1261,2.6344,3.2182,0.0099,-1.0454,0,37000
18880,"Crestview-Fort Walton Beach-Destin, FL",2025,4.0214,Moderate,401674.60435407114,6.5951,-0.1261,2.6344,3.8545,0.7545,-0.4091,0,17000
27740,"Johnson City, TN",2025,4.0205,Moderate,273432.33165975503,6.5951,-0.1261,2.6344,3.6364,0.1031,-0.6272,0,0
18340,"Corbin, KY",2025,4.0179,Moderate,154963.31365110027,6.5951,-0.1261,2.6344,5.8364,-0.3469,1.5728,1,105800
34820,"Myrtle Beach-Conway-North Myrtle Beach, SC",2025,4.0132,Moderate,357146.3306974929,6.5951,-0.1261,2.6344,5.0909,0.3492,0.8273,0,16000
17300,"Clarksville, TN-KY",2025,3.9774,Moderate,289630.3023508307,6.5951,-0.1261,2.6344,4.1636,0.0469,-0.1,1,4413200
15460,"Burlington, IA-IL",2025,3.9695,Moderate,135922.1614861493,6.5951,-0.1261,2.6344,4.3818,0.4735,0.1182,0,0
32390,"Massena-Ogdensburg, NY",2025,3.9638,Moderate,132070.57931799337,6.5951,-0.1261,2.6344,4.8364,0.2114,0.5728,0,24000
22820,"Fort Morgan, CO",2025,3.954,Moderate,321933.0489119904,6.5951,-0.1261,2.6344,4.2273,0.019,-0.0363,0,0
47080,"Vidalia, GA",2025,3.9455,Moderate,165155.71376059242,6.5951,-0.1261,2.6344,4.3727,0.0477,0.1091,0,16000
22180,"Fayetteville, NC",2025,3.9444,Moderate,253158.921567872,6.5951,-0.1261,2.6344,4.7364,0.2531,0.4728,0,61000
38620,"Ponca City, OK",2025,3.9344,Moderate,108476.94351013332,6.5951,-0.1261,2.6344,3.5909,0.0742,-0.6727,0,65000
48620,"Wichita, KS",2025,3.9248,Moderate,214559.45635561715,6.5951,-0.1261,2.6344,4.0818,0.1735,-0.1818,1,2000000
13140,"Beaumont-Port Arthur, TX",2025,3.9239,Moderate,176502.2325721155,6.5951,-0.1261,2.6344,5.2273,-0.1727,0.9637,0,107000
19460,"Decatur, AL",2025,3.9055,Moderate,225173.1595554347,6.5951,-0.1261,2.6344,2.4636,-0.1531,-1.8,0,479500
27700,"Jesup, GA",2025,3.9039,Moderate,200575.8158607008,6.5951,-0.1261,2.6344,3.6273,0.169,-0.6363,0,400
10220,"Ada, OK",2025,3.9003,Moderate,179322.8524230524,6.5951,-0.1261,2.6344,2.9636,-0.0281,-1.3,0,11615000
12060,"Atlanta-Sandy Springs-Roswell, GA",2025,3.8836,Moderate,383754.9035825399,6.5951,-0.1261,2.6344,3.4636,0.0219,-0.8,0,1319000
14700,"Branson, MO",2025,3.8656,Moderate,269848.30105478346,6.5951,-0.1261,2.6344,6.1545,0.5378,1.8909,0,20000
34860,"Nacogdoches, TX",2025,3.829,Moderate,208578.09959965933,6.5951,-0.1261,2.6344,4.3636,0.0636,0.1,0,0
33420,"Mineral Wells, TX",2025,3.8205,Moderate,267482.26059017424,6.5951,-0.1261,2.6344,4.0364,0.0531,-0.2272,0,854000
23620,"Gainesville, TX",2025,3.8171,Moderate,310469.0124448599,6.5951,-0.1261,2.6344,3.5727,0.0144,-0.6909,0,282000
32660,"McMinnville, TN",2025,3.8164,Moderate,250291.872313192,6.5951,-0.1261,2.6344,3.9818,0.1318,-0.2818,0,60000
38100,"Picayune, MS",2025,3.8156,Moderate,194426.4680548775,6.5951,-0.1261,2.6344,3.7182,0.7182,-0.5454,0,110000
24460,"Great Bend, KS",2025,3.8071,Moderate,115659.35188813457,6.5951,-0.1261,2.6344,3.7727,0.2477,-0.4909,1,0
35700,"Nogales, AZ",2025,3.788,Moderate,275097.4240790466,6.5951,-0.1261,2.6344,6.6818,0.5735,2.4182,0,6500
30900,"Logansport, IN",2025,3.7819,Moderate,163032.36550803442,6.5951,-0.1261,2.6344,4.2182,-0.4568,-0.0454,0,251500
28820,"Kinston, NC",2025,3.7607,Moderate,146989.7800832496,6.5951,-0.1261,2.6344,3.9,0.0,-0.3636,0,0
44740,"Storm Lake, IA",2025,3.7557,Moderate,179732.82723014348,6.5951,-0.1261,2.6344,2.9636,0.3469,-1.3,0,0
29380,"Lake City, FL",2025,3.7417,Moderate,263628.7245122155,6.5951,-0.1261,2.6344,4.7182,0.6849,0.4546,0,0
18300,"Coos Bay-North Bend, OR",2025,3.7411,Moderate,342137.4793478283,6.5951,-0.1261,2.6344,5.6818,0.8151,1.4182,1,0
42340,"Savannah, GA",2025,3.7356,Moderate,346704.3071904148,6.5951,-0.1261,2.6344,3.0545,-0.0122,-1.2091,0,71250
29740,"Las Cruces, NM",2025,3.7315,Moderate,285494.82933857595,6.5951,-0.1261,2.6344,5.1,0.2083,0.8364,1,250000
27300,"Jacksonville, IL",2025,3.7294,Moderate,122202.23806549578,6.5951,-0.1261,2.6344,4.1273,-0.256,-0.1363,0,0
12940,"Baton Rouge, LA",2025,3.7284,Moderate,244099.52060198516,6.5951,-0.1261,2.6344,4.1364,0.0614,-0.1272,0,2253000
37620,"Parkersburg-Vienna, WV",2025,3.7013,Moderate,163295.15504973175,6.5951,-0.1261,2.6344,4.1727,-0.094,-0.0909,0,64750
49260,"Woodward, OK",2025,3.688,Moderate,125204.14922488893,6.5951,-0.1261,2.6344,2.8364,-0.0303,-1.4272,0,25000
15260,"Brunswick-St. Simons, GA",2025,3.6762,Moderate,307285.6666193866,6.5951,-0.1261,2.6344,3.1091,0.0008,-1.1545,0,2000
49780,"Zanesville, OH",2025,3.6724,Moderate,199590.2399285933,6.5951,-0.1261,2.6344,5.1,0.475,0.8364,0,70000
45220,"Tallahassee, FL",2025,3.6568,Moderate,283345.4775425102,6.5951,-0.1261,2.6344,4.2091,0.7508,-0.0545,0,173000
28500,"Kerrville, TX",2025,3.6457,Moderate,366586.32829003566,6.5951,-0.1261,2.6344,3.4,0.05,-0.8636,1,200050000
28780,"Kingsville, TX",2025,3.634,Moderate,147457.8165077333,6.5951,-0.1261,2.6344,4.4,0.0083,0.1364,0,0
18060,"Columbus, MS",2025,3.6321,Moderate,175659.7863061767,6.5951,-0.1261,2.6344,4.1727,0.8144,-0.0909,0,732000
31260,"Lufkin, TX",2025,3.6263,Moderate,193525.94609270096,6.5951,-0.1261,2.6344,4.2727,0.0227,0.0091,0,0
15740,"Cambridge, OH",2025,3.6241,Moderate,156494.0880406842,6.5951,-0.1261,2.6344,6.1364,0.5947,1.8728,0,24000
48980,"Wilson, NC",2025,3.6217,Moderate,217868.34202477583,6.5951,-0.1261,2.6344,5.0636,0.0136,0.8,0,63000
37860,"Pensacola-Ferry Pass-Brent, FL",2025,3.6004,Moderate,296781.51185260847,6.5951,-0.1261,2.6344,4.3364,0.7947,0.0728,0,10000
46340,"Tyler, TX",2025,3.5891,Moderate,266133.9631145501,6.5951,-0.1261,2.6344,3.9818,0.1568,-0.2818,0,150000
32820,"Memphis, TN-MS-AR",2025,3.5869,Moderate,239345.6711856527,6.5951,-0.1261,2.6344,4.4,0.3,0.1364,1,11784000
32540,"McAlester, OK",2025,3.5847,Moderate,140733.55335781348,6.5951,-0.1261,2.6344,4.3273,-0.1477,0.0637,0,925000
21700,"Eureka-Arcata, CA",2025,3.5838,Moderate,427048.13956579746,6.5951,-0.1261,2.6344,5.3091,0.1341,1.0455,0,46500
26020,"Hobbs, NM",2025,3.5823,Moderate,190954.1025743828,6.5951,-0.1261,2.6344,3.4818,0.0068,-0.7818,0,171000
30980,"Longview, TX",2025,3.5757,Moderate,209129.34733146505,6.5951,-0.1261,2.6344,4.5636,-0.1531,0.3,0,290000
15180,"Brownsville-Harlingen, TX",2025,3.5664,Moderate,195182.82191916427,6.5951,-0.1261,2.6344,6.6636,1.4386,2.4,1,105025000
36740,"Orlando-Kissimmee-Sanford, FL",2025,3.5614,Moderate,400172.9942082492,6.5951,-0.1261,2.6344,3.8636,0.5886,-0.4,0,7258000
40460,"Rockingham, NC",2025,3.5592,Moderate,127751.1817111917,6.5951,-0.1261,2.6344,4.2273,0.144,-0.0363,0,12000
43760,"Sonora, CA",2025,3.5549,Moderate,386015.62909105234,6.5951,-0.1261,2.6344,5.4273,0.2023,1.1637,0,0
48060,"Watertown-Fort Drum, NY",2025,3.5485,Moderate,212574.96699797804,6.5951,-0.1261,2.6344,4.5,0.075,0.2364,0,46000
13540,"Bennington, VT",2025,3.5416,Moderate,353742.75359419826,6.5951,-0.1261,2.6344,3.0909,0.2326,-1.1727,0,0
10460,"Alamogordo, NM",2025,3.5413,Moderate,227226.7986483757,6.5951,-0.1261,2.6344,4.5273,0.1523,0.2637,1,5000
27260,"Jacksonville, FL",2025,3.5369,Moderate,354635.2494327889,6.5951,-0.1261,2.6344,4.1182,0.6849,-0.1454,0,73300
40780,"Russellville, AR",2025,3.5128,Moderate,191025.62497052332,6.5951,-0.1261,2.6344,4.4727,0.631,0.2091,0,0
37460,"Panama City-Panama City Beach, FL",2025,3.5109,Moderate,319602.4683232072,6.5951,-0.1261,2.6344,4.1273,0.769,-0.1363,0,644000
40820,"Ruston, LA",2025,3.4879,Moderate,215204.31184168425,6.5951,-0.1261,2.6344,4.6455,-0.0628,0.3819,0,0
26420,"Houston-Pasadena-The Woodlands, TX",2025,3.4815,Moderate,308618.6574790944,6.5951,-0.1261,2.6344,4.4091,0.0674,0.1455,0,115000
25060,"Gulfport-Biloxi, MS",2025,3.4814,Moderate,216134.558761307,6.5951,-0.1261,2.6344,3.6455,0.7372,-0.6181,0,307200
10140,"Aberdeen, WA",2025,3.4762,Moderate,319877.3148146412,6.5951,-0.1261,2.6344,5.8727,-0.369,1.6091,1,0
46060,"Tucson, AZ",2025,3.4731,Moderate,349419.20372486097,6.5951,-0.1261,2.6344,4.2636,0.6886,0.0,0,441500
19760,"DeRidder, LA",2025,3.4724,Moderate,188823.6780561238,6.5951,-0.1261,2.6344,4.4455,0.2705,0.1819,0,28000
39380,"Pueblo, CO",2025,3.4618,Moderate,285111.053443586,6.5951,-0.1261,2.6344,5.8273,-0.0477,1.5637,0,0
22520,"Florence-Muscle Shoals, AL",2025,3.4552,Moderate,205956.35875206703,6.5951,-0.1261,2.6344,3.1818,-0.0849,-1.0818,0,9126200
21820,"Fairbanks-College, AK",2025,3.4474,Moderate,299695.8188791057,6.5951,-0.1261,2.6344,4.0818,0.0651,-0.1818,0,0
45000,"Susanville, CA",2025,3.4396,Moderate,225529.12327929345,6.5951,-0.1261,2.6344,6.3545,0.0295,2.0909,0,15000
34340,"Mount Airy, NC",2025,3.4361,Moderate,221930.57863112548,6.5951,-0.1261,2.6344,3.4364,0.1364,-0.8272,0,30500
21900,"Fairmont, WV",2025,3.4345,Moderate,157207.84674752603,6.5951,-0.1261,2.6344,4.0636,0.0886,-0.2,1,1368000
21300,"Elmira, NY",2025,3.4318,Moderate,148009.12575380513,6.5951,-0.1261,2.6344,3.8091,0.0341,-0.4545,0,92500
14180,"Blytheville, AR",2025,3.4306,Moderate,107507.17653856736,6.5951,-0.1261,2.6344,4.6909,0.6492,0.4273,1,249000
39420,"Pullman, WA",2025,3.4183,Moderate,316481.87868862,6.5951,-0.1261,2.6344,3.9182,-0.1901,-0.3454,0,19500
23940,"Gillette, WY",2025,3.4144,Moderate,324998.80880334234,6.5951,-0.1261,2.6344,3.2909,0.2659,-0.9727,0,0
26300,"Hot Springs, AR",2025,3.4121,Moderate,237554.84234890543,6.5951,-0.1261,2.6344,4.1364,0.5114,-0.1272,1,0
31180,"Lubbock, TX",2025,3.4091,Moderate,206359.26676018388,6.5951,-0.1261,2.6344,3.5091,0.0008,-0.7545,0,0
38940,"Port St. Lucie, FL",2025,3.3863,Moderate,394872.8193745448,6.5951,-0.1261,2.6344,4.5,0.7,0.2364,0,10000
47620,"Warren, PA",2025,3.3707,Moderate,126891.72564739622,6.5951,-0.1261,2.6344,4.3455,0.4538,0.0819,0,47500
25220,"Hammond, LA",2025,3.3599,Moderate,216285.7524639657,6.5951,-0.1261,2.6344,5.0091,0.1508,0.7455,0,681500
12420,"Austin-Round Rock-San Marcos, TX",2025,3.3539,Moderate,434903.01161044865,6.5951,-0.1261,2.6344,3.5,-0.0167,-0.7636,1,30060000
10700,"Albertville, AL",2025,3.3444,Moderate,236058.59135018857,6.5951,-0.1261,2.6344,2.4909,-0.1674,-1.7727,0,8159500
39700,"Raymondville, TX",2025,3.3396,Moderate,130817.91342212174,6.5951,-0.1261,2.6344,5.4,-0.0667,1.1364,1,20000
27180,"Jackson, TN",2025,3.331,Moderate,197468.4111704344,6.5951,-0.1261,2.6344,3.9909,0.1576,-0.2727,1,790000
19100,"Dallas-Fort Worth-Arlington, TX",2025,3.3056,Moderate,365752.990557347,6.5951,-0.1261,2.6344,3.9091,0.0174,-0.3545,0,23310000
22580,"Forest City, NC",2025,3.2891,Moderate,208110.3888453173,6.5951,-0.1261,2.6344,4.8818,0.4985,0.6182,0,0
45740,"Toccoa, GA",2025,3.2856,Moderate,231921.9493273863,6.5951,-0.1261,2.6344,4.2273,0.1523,-0.0363,0,0
45180,"Talladega-Sylacauga, AL",2025,3.2845,Moderate,173734.63530940478,6.5951,-0.1261,2.6344,3.2909,-0.0841,-0.9727,0,1000
42940,"Sevierville, TN",2025,3.2783,Moderate,400676.38858009706,6.5951,-0.1261,2.6344,3.3,0.1417,-0.9636,0,0
19180,"Danville, IL",2025,3.269,Moderate,93933.708357486,6.5951,-0.1261,2.6344,5.5455,-0.4212,1.2819,0,0
29180,"Lafayette, LA",2025,3.2629,Moderate,193246.0617208214,6.5951,-0.1261,2.6344,3.8182,0.0182,-0.4454,0,910000
29300,"LaGrange, GA-AL",2025,3.2591,Moderate,195693.0889325688,6.5951,-0.1261,2.6344,2.9909,-0.0008,-1.2727,0,150000
16460,"Centralia, IL",2025,3.2405,Moderate,117551.68247100111,6.5951,-0.1261,2.6344,4.6364,-0.2803,0.3728,0,290000
31420,"Macon-Bibb County, GA",2025,3.2296,Moderate,189964.9100954601,6.5951,-0.1261,2.6344,4.1273,-0.081,-0.1363,0,57000
21180,"Elkins, WV",2025,3.2241,Moderate,152190.97034936806,6.5951,-0.1261,2.6344,5.2273,-0.1894,0.9637,0,9150
23540,"Gainesville, FL",2025,3.219,Moderate,310870.4612878142,6.5951,-0.1261,2.6344,4.5636,0.7886,0.3,0,5400
47380,"Waco, TX",2025,3.199,Moderate,249199.40225015007,6.5951,-0.1261,2.6344,3.9,0.075,-0.3636,0,285000
37500,"Paragould, AR",2025,3.1919,Moderate,184924.8232579669,6.5951,-0.1261,2.6344,4.2182,0.5515,-0.0454,1,2015000
12900,"Batesville, AR",2025,3.1785,Moderate,155268.20265093213,6.5951,-0.1261,2.6344,3.5455,0.4455,-0.7181,1,0
11620,"Ardmore, OK",2025,3.1127,Moderate,176771.61543729482,6.5951,-0.1261,2.6344,4.4455,0.5622,0.1819,0,720000
28660,"Killeen-Temple, TX",2025,3.0929,Moderate,249567.529806442,6.5951,-0.1261,2.6344,4.6364,0.2197,0.3728,1,367000
18620,"Corsicana, TX",2025,3.092,Moderate,218717.1936627604,6.5951,-0.1261,2.6344,4.7,0.2,0.4364,0,40000
37340,"Palm Bay-Melbourne-Titusville, FL",2025,3.0721,Moderate,346843.33380151185,6.5951,-0.1261,2.6344,4.2727,0.781,0.0091,0,10695000
22800,"Fort Madison, IA",2025,3.0132,Moderate,118629.57657230028,6.5951,-0.1261,2.6344,4.1091,0.4841,-0.1545,0,0
11660,"Arkadelphia, AR",2025,3.0113,Moderate,156335.0017653183,6.5951,-0.1261,2.6344,4.7364,0.5531,0.4728,1,0
43660,"Snyder, TX",2025,3.0063,Moderate,135430.0946665071,6.5951,-0.1261,2.6344,3.7636,0.0053,-0.5,0,1165000
41400,"Salem, OH",2025,2.9662,Moderate,150116.36106892457,6.5951,-0.1261,2.6344,5.4545,0.6128,1.1909,0,23000
37120,"Ozark, AL",2025,2.9447,Moderate,155439.13797793197,6.5951,-0.1261,2.6344,3.2909,-0.1924,-0.9727,0,48000
46220,"Tuscaloosa, AL",2025,2.932,Moderate,216272.16089704484,6.5951,-0.1261,2.6344,3.2,-0.075,-1.0636,0,0
11980,"Athens, TX",2025,2.9229,Moderate,261634.86224241613,6.5951,-0.1261,2.6344,4.5182,0.0599,0.2546,0,183000
42680,"Sebastian-Vero Beach-West Vero Corridor, FL",2025,2.9212,Moderate,372278.5597156901,6.5951,-0.1261,2.6344,4.9182,0.8599,0.6546,0,0
25820,"Hereford, TX",2025,2.9125,Moderate,171535.85196523997,6.5951,-0.1261,2.6344,3.3455,0.0205,-0.9181,0,124000
17220,"Clarksburg, WV",2025,2.8758,Moderate,147985.51935691517,6.5951,-0.1261,2.6344,3.7364,-0.0969,-0.5272,0,68150
42460,"Scottsboro, AL",2025,2.8626,Moderate,183082.2046473172,6.5951,-0.1261,2.6344,3.3545,-0.1372,-0.9091,0,783500
41700,"San Antonio-New Braunfels, TX",2025,2.8532,Moderate,277607.8002210537,6.5951,-0.1261,2.6344,3.8727,0.0977,-0.3909,1,30719000
45300,"Tampa-St. Petersburg-Clearwater, FL",2025,2.8394,Moderate,369996.54762428015,6.5951,-0.1261,2.6344,4.0455,0.5705,-0.2181,0,476000
20180,"DuBois, PA",2025,2.8254,Moderate,133615.57668714446,6.5951,-0.1261,2.6344,4.3909,0.4576,0.1273,0,178000
44900,"Summerville, GA",2025,2.8252,Moderate,168168.77635305148,6.5951,-0.1261,2.6344,4.2636,-0.3447,0.0,0,63000
44940,"Sumter, SC",2025,2.8231,Moderate,201607.37433403483,6.5951,-0.1261,2.6344,5.4182,0.2432,1.1546,0,30000
42300,"Sault Ste. Marie, MI",2025,2.8052,Moderate,184407.23514367815,6.5951,-0.1261,2.6344,7.4091,1.0008,3.1455,0,5000
32580,"McAllen-Edinburg-Mission, TX",2025,2.7931,Moderate,189252.0107969901,6.5951,-0.1261,2.6344,6.2909,0.3326,2.0273,1,53128500
16620,"Charleston, WV",2025,2.7699,Moderate,141913.0358977053,6.5951,-0.1261,2.6344,4.1273,0.1356,-0.1363,1,81700
45700,"Tifton, GA",2025,2.7667,Moderate,200504.68195682272,6.5951,-0.1261,2.6344,3.3091,-0.0326,-0.9545,0,103000
17500,"Clewiston, FL",2025,2.7658,Moderate,275971.5094865643,6.5951,-0.1261,2.6344,4.6636,0.6136,0.4,0,17000
32000,"Marion, NC",2025,2.7466,Moderate,252032.3278735646,6.5951,-0.1261,2.6344,4.3364,0.3197,0.0728,0,350000
19700,"Deming, NM",2025,2.7233,Moderate,156147.1232267144,6.5951,-0.1261,2.6344,12.9636,0.7303,8.7,0,0
16340,"Cedartown, GA",2025,2.7233,Moderate,212237.11079073927,6.5951,-0.1261,2.6344,3.5091,-0.1659,-0.7545,0,26000
47020,"Victoria, TX",2025,2.7083,Moderate,213359.5544197074,6.5951,-0.1261,2.6344,4.1455,0.0622,-0.1181,0,0
43460,"Sikeston, MO",2025,2.7065,Moderate,155242.3758637228,6.5951,-0.1261,2.6344,4.4364,0.3031,0.1728,1,16197000
20900,"El Campo, TX",2025,2.7061,Moderate,237402.1689161661,6.5951,-0.1261,2.6344,4.4182,0.0765,0.1546,0,200000
17340,"Clearlake, CA",2025,2.6929,Moderate,303456.6231488119,6.5951,-0.1261,2.6344,7.3182,0.2932,3.0546,0,45000
18500,"Corning, NY",2025,2.6928,Moderate,160425.35726197937,6.5951,-0.1261,2.6344,3.9818,0.0651,-0.2818,0,223600
35140,"Newberry, SC",2025,2.6805,Moderate,201742.23167655207,6.5951,-0.1261,2.6344,4.4455,0.2372,0.1819,0,20000
21460,"Enterprise, AL",2025,2.671,Moderate,176022.64309340576,6.5951,-0.1261,2.6344,2.8364,-0.2469,-1.4272,0,311000
48660,"Wichita Falls, TX",2025,2.6644,Moderate,168852.3769835191,6.5951,-0.1261,2.6344,3.7909,-0.0258,-0.4727,0,1100000
31580,"Madisonville, KY",2025,2.6634,Moderate,151557.9677333734,6.5951,-0.1261,2.6344,4.9,-0.7333,0.6364,1,273000
36900,"Ottumwa, IA",2025,2.6556,Moderate,122926.78519235952,6.5951,-0.1261,2.6344,4.3182,0.7099,0.0546,0,15000
37260,"Palatka, FL",2025,2.6504,Moderate,208235.67394030452,6.5951,-0.1261,2.6344,4.9364,0.7364,0.6728,0,1100
40580,"Rocky Mount, NC",2025,2.5969,Moderate,193412.89807240944,6.5951,-0.1261,2.6344,5.0545,0.2962,0.7909,0,303000
36580,"Oneonta, NY",2025,2.5857,Moderate,199213.44612267485,6.5951,-0.1261,2.6344,4.3,0.175,0.0364,0,113500
18580,"Corpus Christi, TX",2025,2.5609,Moderate,215508.8949149519,6.5951,-0.1261,2.6344,4.4091,0.0508,0.1455,0,6048000
11220,"Amsterdam, NY",2025,2.5396,Moderate,197101.24827250457,6.5951,-0.1261,2.6344,4.2455,-0.0545,-0.0181,0,1000
33660,"Mobile, AL",2025,2.5347,Moderate,190263.69040051976,6.5951,-0.1261,2.6344,3.5727,-0.2023,-0.6909,0,0
29900,"Laurinburg, NC",2025,2.5288,Moderate,139079.4694814392,6.5951,-0.1261,2.6344,5.2818,0.0901,1.0182,0,45000
25460,"Harrison, AR",2025,2.5146,Moderate,221122.42240544385,6.5951,-0.1261,2.6344,4.0636,0.5803,-0.2,1,0
19660,"Deltona-Daytona Beach-Ormond Beach, FL",2025,2.5122,Moderate,326809.4233112762,6.5951,-0.1261,2.6344,4.6545,0.7795,0.3909,0,454000
43300,"Sherman-Denison, TX",2025,2.4998,Moderate,287306.3984295089,6.5951,-0.1261,2.6344,3.8364,-0.0219,-0.4272,0,1033000
42700,"Sebring, FL",2025,2.4891,Moderate,235645.24113586647,6.5951,-0.1261,2.6344,5.7909,0.9326,1.5273,0,25000
36100,"Ocala, FL",2025,2.4889,Moderate,275056.7685580998,6.5951,-0.1261,2.6344,4.9636,0.7719,0.7,0,39200
44860,"Sulphur Springs, TX",2025,2.4856,Moderate,255414.77713449407,6.5951,-0.1261,2.6344,3.2909,-0.0341,-0.9727,0,520000
16100,"Carlsbad-Artesia, NM",2025,2.4532,Moderate,233880.5744239006,6.5951,-0.1261,2.6344,3.3091,0.0341,-0.9545,0,65000
29460,"Lakeland-Winter Haven, FL",2025,2.4378,Moderate,300685.725457113,6.5951,-0.1261,2.6344,4.8909,0.6909,0.6273,0,0
35840,"North Port-Bradenton-Sarasota, FL",2025,2.4367,Moderate,420560.60992017505,6.5951,-0.1261,2.6344,4.3273,0.769,0.0637,0,20000
14220,"Bogalusa, LA",2025,2.4093,Moderate,124225.18525709392,6.5951,-0.1261,2.6344,4.7182,-0.1151,0.4546,0,33000
19260,"Danville, VA",2025,2.3824,Moderate,159138.25286629572,6.5951,-0.1261,2.6344,4.6182,0.5515,0.3546,1,92500
40260,"Roanoke Rapids, NC",2025,2.3518,Moderate,100327.8092752568,6.5951,-0.1261,2.6344,5.2182,0.2515,0.9546,0,102000
10500,"Albany, GA",2025,2.2876,Moderate,161897.6411436651,6.5951,-0.1261,2.6344,4.2364,0.0864,-0.0272,0,70000
43340,"Shreveport-Bossier City, LA",2025,2.2763,Moderate,172805.90029353564,6.5951,-0.1261,2.6344,4.3636,-0.0697,0.1,0,1290000
24140,"Goldsboro, NC",2025,2.2307,Moderate,179803.4559297948,6.5951,-0.1261,2.6344,3.7636,0.0636,-0.5,0,180000
35060,"Natchitoches, LA",2025,2.1989,Moderate,168071.90602796627,6.5951,-0.1261,2.6344,5.8455,0.3455,1.5819,0,0
48180,"Waycross, GA",2025,2.1856,Moderate,161669.12760244578,6.5951,-0.1261,2.6344,4.1273,0.0023,-0.1363,0,0
26140,"Homosassa Springs, FL",2025,2.1134,Moderate,271197.6552528489,6.5951,-0.1261,2.6344,6.0455,1.0455,1.7819,0,10000
15020,"Brookhaven, MS",2025,2.0961,Moderate,161407.45184026728,6.5951,-0.1261,2.6344,4.0182,0.7849,-0.2454,0,82500
11140,"Americus, GA",2025,2.0751,Moderate,132905.53323196236,6.5951,-0.1261,2.6344,4.6727,-0.0273,0.4091,0,6000
25780,"Henderson, NC",2025,2.0339,Moderate,180161.5277572405,6.5951,-0.1261,2.6344,4.5727,0.1144,0.3091,0,63000
46620,"Uvalde, TX",2025,1.9789,Neutral,190962.3854846288,6.5951,-0.1261,2.6344,4.3,0.125,0.0364,1,62000
19620,"Del Rio, TX",2025,1.9767,Neutral,206871.1938561769,6.5951,-0.1261,2.6344,5.1091,-0.0659,0.8455,0,25000
34420,"Mount Pleasant, TX",2025,1.9259,Neutral,215698.6529634289,6.5951,-0.1261,2.6344,4.1364,-0.1969,-0.1272,0,1025000
38260,"Pittsburg, KS",2025,1.9165,Neutral,131129.3002952109,6.5951,-0.1261,2.6344,4.6727,0.7977,0.4091,0,326000
11580,"Arcadia, FL",2025,1.893,Neutral,255957.30437978683,6.5951,-0.1261,2.6344,4.9727,0.9144,0.7091,0,5000
10780,"Alexandria, LA",2025,1.8592,Neutral,159430.34696771094,6.5951,-0.1261,2.6344,4.0636,-0.0281,-0.2,0,662000
36340,"Oil City, PA",2025,1.8416,Neutral,122056.5503385354,6.5951,-0.1261,2.6344,4.4091,0.3674,0.1455,0,116700
36700,"Orangeburg, SC",2025,1.8132,Neutral,150280.5389756277,6.5951,-0.1261,2.6344,6.4545,0.4628,2.1909,0,0
14420,"Borger, TX",2025,1.7821,Neutral,114841.59572135628,6.5951,-0.1261,2.6344,4.3636,-0.1614,0.1,0,40700
14620,"Bradford, PA",2025,1.7806,Neutral,104310.97636938392,6.5951,-0.1261,2.6344,4.5182,0.4265,0.2546,0,4000
15220,"Brownwood, TX",2025,1.7651,Neutral,176309.42985195585,6.5951,-0.1261,2.6344,3.8727,0.1894,-0.3909,0,0
34780,"Muskogee, OK",2025,1.744,Neutral,151741.936328077,6.5951,-0.1261,2.6344,4.6818,0.1568,0.4182,0,100000
20340,"Duncan, OK",2025,1.732,Neutral,136107.37584891854,6.5951,-0.1261,2.6344,3.7182,0.0765,-0.5454,0,255000
24940,"Greenwood, SC",2025,1.7103,Neutral,169007.19142759882,6.5951,-0.1261,2.6344,5.3,0.3167,1.0364,0,7000
20980,"El Dorado, AR",2025,1.707,Neutral,125299.64517141216,6.5951,-0.1261,2.6344,5.3455,0.3372,1.0819,0,0
43700,"Somerset, KY",2025,1.7044,Neutral,166834.92826090593,6.5951,-0.1261,2.6344,5.1364,-0.4553,0.8728,1,1000
31680,"Malvern, AR",2025,1.6399,Neutral,157922.33567251393,6.5951,-0.1261,2.6344,4.2909,0.4242,0.0273,1,0
40740,"Roswell, NM",2025,1.6108,Neutral,168274.34370070757,6.5951,-0.1261,2.6344,4.2909,0.2242,0.0273,0,55000
45500,"Texarkana, TX-AR",2025,1.5944,Neutral,174928.93918881883,6.5951,-0.1261,2.6344,4.2455,0.0955,-0.0181,1,550000
13700,"Big Spring, TX",2025,1.5303,Neutral,137364.3721662954,6.5951,-0.1261,2.6344,3.3909,-0.0008,-0.8727,0,1083500
33740,"Monroe, LA",2025,1.5136,Neutral,157725.79989014304,6.5951,-0.1261,2.6344,4.8727,-0.0523,0.6091,0,224000
31380,"Macomb, IL",2025,1.4924,Neutral,95566.17509602652,6.5951,-0.1261,2.6344,4.3,-0.1,0.0364,0,32000
31300,"Lumberton, NC",2025,1.4577,Neutral,127994.2924366424,6.5951,-0.1261,2.6344,5.1182,0.1015,0.8546,0,0
37420,"Pampa, TX",2025,1.4562,Neutral,100519.30849719528,6.5951,-0.1261,2.6344,3.9636,0.0469,-0.3,0,113800
38920,"Port Lavaca, TX",2025,1.4352,Neutral,194773.78373775235,6.5951,-0.1261,2.6344,3.4091,0.1258,-0.8545,0,0
20140,"Dublin, GA",2025,1.3294,Neutral,163484.08094106684,6.5951,-0.1261,2.6344,4.0545,-0.1955,-0.2091,0,13000
43140,"Shelby-Kings Mountain, NC",2025,1.2876,Neutral,208024.71449320557,6.5951,-0.1261,2.6344,4.2818,0.3068,0.0182,0,24000
24900,"Greenwood, MS",2025,1.0943,Neutral,102585.00822590722,6.5951,-0.1261,2.6344,5.8273,1.3273,1.5637,1,578000
15980,"Cape Coral-Fort Myers, FL",2025,1.0889,Neutral,355943.67075880244,6.5951,-0.1261,2.6344,4.3727,0.8394,0.1091,0,0
12460,"Bainbridge, GA",2025,1.0261,Neutral,169925.05605596132,6.5951,-0.1261,2.6344,3.7727,0.0977,-0.4909,0,13000
38220,"Pine Bluff, AR",2025,0.9814,Neutral,94869.29349749174,6.5951,-0.1261,2.6344,5.7364,0.9114,1.4728,0,0
20540,"Dyersburg, TN",2025,0.9766,Neutral,165154.61357065054,6.5951,-0.1261,2.6344,3.4909,0.0992,-0.7727,1,3947000
14140,"Bluefield, WV-VA",2025,0.9631,Neutral,137538.45207879963,6.5951,-0.1261,2.6344,4.5818,0.4318,0.3182,1,2128500
26380,"Houma-Bayou Cane-Thibodaux, LA",2025,0.8817,Neutral,174945.48286045544,6.5951,-0.1261,2.6344,3.9273,0.1023,-0.3363,0,0
32300,"Martinsville, VA",2025,0.7614,Neutral,132151.2774634499,6.5951,-0.1261,2.6344,4.9545,0.8712,0.6909,0,286500
40100,"Rio Grande City-Roma, TX",2025,0.7605,Neutral,135483.78141127602,6.5951,-0.1261,2.6344,9.7909,0.2742,5.5273,1,0
32620,"McComb, MS",2025,0.7482,Neutral,100879.13767622953,6.5951,-0.1261,2.6344,5.1273,1.0606,0.8637,1,10003000
17580,"Clovis, NM",2025,0.7481,Neutral,158574.0470499722,6.5951,-0.1261,2.6344,3.5636,0.0719,-0.7,0,105000
46980,"Vicksburg, MS",2025,0.7125,Neutral,140269.8461824036,6.5951,-0.1261,2.6344,4.4545,1.0795,0.1909,0,36000
28380,"Kennett, MO",2025,0.6898,Neutral,85599.96629687453,6.5951,-0.1261,2.6344,5.4909,-0.0674,1.2273,1,421000
27380,"Jacksonville, TX",2025,0.5721,Neutral,226087.90184475863,6.5951,-0.1261,2.6344,4.2727,-0.1023,0.0091,0,200000
38380,"Plainview, TX",2025,0.5256,Neutral,114931.98277182724,6.5951,-0.1261,2.6344,4.2091,0.1341,-0.0545,0,0
37300,"Palestine, TX",2025,0.4968,Neutral,203479.36686734983,6.5951,-0.1261,2.6344,4.2273,-0.131,-0.0363,0,404000
23500,"Gaffney, SC",2025,0.4726,Neutral,179036.3430566674,6.5951,-0.1261,2.6344,5.8818,0.2151,1.6182,0,10000
45980,"Troy, AL",2025,0.4001,Neutral,158986.67075504447,6.5951,-0.1261,2.6344,3.3364,-0.1053,-0.9272,0,0
13220,"Beckley, WV",2025,0.3689,Neutral,140115.33446195957,6.5951,-0.1261,2.6344,4.3182,0.3265,0.0546,1,34050
10860,"Alice, TX",2025,0.348,Neutral,129954.29691242892,6.5951,-0.1261,2.6344,4.9182,-0.0985,0.6546,0,24000
22340,"Fitzgerald, GA",2025,0.3066,Neutral,122196.68600798922,6.5951,-0.1261,2.6344,4.2364,0.1447,-0.0272,0,0
18380,"Cordele, GA",2025,0.2488,Neutral,128239.67654412262,6.5951,-0.1261,2.6344,3.5636,0.0386,-0.7,0,1000
45020,"Sweetwater, TX",2025,0.1996,Neutral,108465.67589523824,6.5951,-0.1261,2.6344,3.7818,-0.0349,-0.4818,0,0
20060,"Douglas, GA",2025,0.1796,Neutral,164246.59080983672,6.5951,-0.1261,2.6344,3.8364,-0.2469,-0.4272,0,48000
13300,"Beeville, TX",2025,0.117,Neutral,158526.04787596696,6.5951,-0.1261,2.6344,4.8636,0.2303,0.6,0,0
32940,"Meridian, MS",2025,-0.0167,Neutral,117974.74129150376,6.5951,-0.1261,2.6344,3.9364,0.7364,-0.3272,0,1039000
11060,"Altus, OK",2025,-0.2578,Neutral,107982.99221536209,6.5951,-0.1261,2.6344,2.6818,0.0651,-1.5818,0,15000
29860,"Laurel, MS",2025,-0.3734,Neutral,147284.56899711638,6.5951,-0.1261,2.6344,3.3545,0.5878,-0.9091,0,3089000
39460,"Punta Gorda, FL",2025,-0.4464,Neutral,309733.2064666994,6.5951,-0.1261,2.6344,5.0545,0.9045,0.7909,0,0
33060,"Miami, OK",2025,-0.6178,Neutral,133432.12777237175,6.5951,-0.1261,2.6344,3.7,0.3583,-0.5636,0,20000
46900,"Vernon, TX",2025,-1.0063,Neutral,100214.8846054168,6.5951,-0.1261,2.6344,3.6273,-0.056,-0.6363,0,0
27780,"Johnstown, PA",2025,-1.0472,Neutral,114683.16663792112,6.5951,-0.1261,2.6344,4.7636,0.5219,0.5,0,372000
22620,"Forrest City, AR",2025,-1.2785,Neutral,78541.84692816414,6.5951,-0.1261,2.6344,5.6818,0.4151,1.4182,1,202000
42820,"Selma, AL",2025,-1.4471,Neutral,83724.14614177147,6.5951,-0.1261,2.6344,4.8909,-0.5674,0.6273,0,0
15780,"Camden, AR",2025,-1.541,Neutral,101775.20117963717,6.5951,-0.1261,2.6344,4.7364,0.5447,0.4728,1,0
31620,"Magnolia, AR",2025,-1.5649,Neutral,130343.99139908711,6.5951,-0.1261,2.6344,4.7182,0.7265,0.4546,0,110000
17260,"Clarksdale, MS",2025,-1.6267,Neutral,56021.85866793084,6.5951,-0.1261,2.6344,7.1273,1.6856,2.8637,0,60000
36660,"Opelousas, LA",2025,-1.7481,Neutral,129521.84136647436,6.5951,-0.1261,2.6344,5.1273,0.0023,0.8637,0,47000
49820,"Zapata, TX",2025,-1.9287,Neutral,121503.63087836612,6.5951,-0.1261,2.6344,6.8455,-0.0962,2.5819,0,0
17380,"Cleveland, MS",2025,-2.3383,Caution,119025.89365944926,6.5951,-0.1261,2.6344,4.8455,1.0705,0.5819,0,60000
35020,"Natchez, MS-LA",2025,-2.4535,Caution,118472.181682577,6.5951,-0.1261,2.6344,6.3455,0.5705,2.0819,0,67000
43500,"Silver City, NM",2025,-2.607,Caution,181309.02271571135,6.5951,-0.1261,2.6344,4.0909,-0.1174,-0.1727,0,0
34020,"Morgan City, LA",2025,-2.8209,Caution,112778.6644461339,6.5951,-0.1261,2.6344,5.1818,0.1151,0.9182,0,200000
34660,"Murray, KY",2025,-5.7436,Caution,181308.0796792789,6.5951,-0.1261,2.6344,5.2455,-0.1462,0.9819,1,196000
33180,"Middlesborough, KY",2025,-7.5011,Caution,98999.89852452512,6.5951,-0.1261,2.6344,6.6273,-0.2977,2.3637,1,12000
24740,"Greenville, MS",2025,-13.832,Caution,51647.25966432158,6.5951,-0.1261,2.6344,5.4455,0.9288,1.1819,1,260000
